country,country_code,year_week,new_cases,tests_done,population,testing_rate,positivity_rate,testing_data_source
Austria,AT,2020-W15,1954,12339,8858775,139.2856236,15.83596726,Manual webscraping
Austria,AT,2020-W16,773,58488,8858775,660.2267243,1.321638627,Manual webscraping
Austria,AT,2020-W17,479,33443,8858775,377.5126922,1.432287773,Manual webscraping
Austria,AT,2020-W18,349,26598,8858775,300.2446727,1.312128731,Country website
Austria,AT,2020-W19,249,42153,8858775,475.8332839,0.590705288,Country website
Austria,AT,2020-W20,367,46001,8858775,519.2704409,0.797808743,Country website
Austria,AT,2020-W21,285,39348,8858775,444.1697639,0.724306191,Country website
Austria,AT,2020-W22,203,46677,8858775,526.9012928,0.4349037,Country website
Austria,AT,2020-W23,226,41063,8858775,463.5290997,0.550373816,Country website
Austria,AT,2020-W24,170,35243,8858775,397.8315286,0.482365292,Country website
Austria,AT,2020-W25,247,15775,8858775,178.0720246,1.565768621,Country website
Austria,AT,2020-W26,340,61905,8858775,698.7986488,0.549228657,Country website
Austria,AT,2020-W27,644,45284,8858775,511.1767711,1.422135854,Country website
Austria,AT,2020-W28,578,48936,8858775,552.4014325,1.181134543,Country website
Austria,AT,2020-W29,724,51929,8858775,586.1871421,1.394211327,Country website
Austria,AT,2020-W30,915,99229,8858775,1120.12101,0.922109464,Country website
Austria,AT,2020-W31,823,57416,8858775,648.1257284,1.433398356,Country website
Austria,AT,2020-W32,702,56554,8858775,638.3952635,1.241291509,Country website
Austria,AT,2020-W33,1362,56622,8858775,639.1628639,2.405425453,Country website
Austria,AT,2020-W34,1866,76497,8858775,863.5166826,2.439311346,Country website
Austria,AT,2020-W35,1979,77105,8858775,870.379934,2.56662992,Country website
Austria,AT,2020-W36,1976,83733,8858775,945.198405,2.359882006,Country website
Austria,AT,2020-W37,4141,86241,8858775,973.509317,4.801660463,Country website
Austria,AT,2020-W38,5222,102617,8858775,1158.365575,5.088825438,Country website
Austria,AT,2020-W39,4909,110816,8858775,1250.917875,4.429865723,Country website
Austria,AT,2020-W40,5152,130874,8858775,1477.337442,3.936610786,Country website
Austria,AT,2020-W41,7365,124663,8858775,1407.226168,5.907927773,TESSy
Austria,AT,2020-W42,9574,129647,8858775,1463.486769,7.384667597,TESSy
Austria,AT,2020-W43,16979,158997,8858775,1794.796685,10.67881784,TESSy
Austria,AT,2020-W44,28574,167926,8858775,1895.589401,17.0158284,TESSy
Austria,AT,2020-W45,41398,199567,8858775,2252.760681,20.74391057,TESSy
Austria,AT,2020-W46,50986,215044,8858775,2427.468809,23.70956641,TESSy
Austria,AT,2020-W47,42630,207745,8858775,2345.075928,20.52034947,TESSy
Austria,AT,2020-W48,32058,196461,8858775,2217.6994,16.31774245,TESSy
Austria,AT,2020-W49,22794,163770,8858775,1848.675466,13.91830005,TESSy
Austria,AT,2020-W50,19060,162984,8858775,1839.802907,11.69439945,TESSy
Austria,AT,2020-W51,16186,185766,8858775,2096.971647,8.713112195,TESSy
Belgium,BE,2020-W09,18,82,11455519,0.715812178,21.95121951,Country website
Belgium,BE,2020-W10,388,4406,11455519,38.46181042,8.8061734,Country website
Belgium,BE,2020-W11,1348,9924,11455519,86.63073231,13.58323257,Country website
Belgium,BE,2020-W12,3673,17066,11455519,148.9762271,21.52232509,Country website
Belgium,BE,2020-W13,8130,27141,11455519,236.9251013,29.95468111,Country website
Belgium,BE,2020-W14,9694,38426,11455519,335.4365699,25.2277104,Country website
Belgium,BE,2020-W15,11175,53517,11455519,467.1721988,20.88121531,Country website
Belgium,BE,2020-W16,7963,65399,11455519,570.8951292,12.17602716,Country website
Belgium,BE,2020-W17,5703,105901,11455519,924.4539684,5.38521827,Country website
Belgium,BE,2020-W18,3095,138836,11455519,1211.957311,2.229248898,Country website
Belgium,BE,2020-W19,3051,146708,11455519,1280.67528,2.079641192,Country website
Belgium,BE,2020-W20,2071,120385,11455519,1050.890841,1.720313993,Country website
Belgium,BE,2020-W21,1510,85575,11455519,747.0198426,1.764534034,Country website
Belgium,BE,2020-W22,1144,87209,11455519,761.2837096,1.311791214,TESSy
Belgium,BE,2020-W23,847,75991,11455519,663.357112,1.114605677,TESSy
Belgium,BE,2020-W24,671,86874,11455519,758.359355,0.772382991,TESSy
Belgium,BE,2020-W25,668,88901,11455519,776.0538828,0.751397622,TESSy
Belgium,BE,2020-W26,607,93868,11455519,819.4128961,0.646652746,TESSy
Belgium,BE,2020-W27,637,85012,11455519,742.1051809,0.74930598,TESSy
Belgium,BE,2020-W28,704,77973,11455519,680.6588161,0.902876637,TESSy
Belgium,BE,2020-W29,1385,86865,11455519,758.2807902,1.594428136,TESSy
Belgium,BE,2020-W30,2489,99622,11455519,869.6419604,2.498444119,TESSy
Belgium,BE,2020-W31,3759,145338,11455519,1268.715979,2.586384841,TESSy
Belgium,BE,2020-W32,4340,141302,11455519,1233.484053,3.071435648,TESSy
Belgium,BE,2020-W33,3751,127215,11455519,1110.512758,2.948551665,TESSy
Belgium,BE,2020-W34,3453,137022,11455519,1196.122149,2.520033279,TESSy
Belgium,BE,2020-W35,3121,145319,11455519,1268.55012,2.147688878,TESSy
Belgium,BE,2020-W36,3655,159252,11455519,1390.177084,2.295104614,TESSy
Belgium,BE,2020-W37,6158,213854,11455519,1866.8207,2.879534636,TESSy
Belgium,BE,2020-W38,10108,251200,11455519,2192.8295,4.02388535,TESSy
Belgium,BE,2020-W39,11274,256649,11455519,2240.396092,4.392769892,TESSy
Belgium,BE,2020-W40,18884,259282,11455519,2263.380646,7.283189732,TESSy
Belgium,BE,2020-W41,38829,309615,11455519,2702.758382,12.54105906,TESSy
Belgium,BE,2020-W42,72194,418514,11455519,3653.383142,17.25008005,TESSy
Belgium,BE,2020-W43,105328,467245,11455519,4078.776352,22.5423493,TESSy
Belgium,BE,2020-W44,99543,416371,11455519,3634.676002,23.90728461,TESSy
Belgium,BE,2020-W45,53991,259533,11455519,2265.57173,20.80313486,TESSy
Belgium,BE,2020-W46,33960,199492,11455519,1741.448816,17.02323903,TESSy
Belgium,BE,2020-W47,22304,200270,11455519,1748.240302,11.1369651,TESSy
Belgium,BE,2020-W48,16207,204630,11455519,1786.30056,7.920148561,TESSy
Belgium,BE,2020-W49,15251,209481,11455519,1828.64696,7.280373876,TESSy
Belgium,BE,2020-W50,16721,234151,11455519,2044.001673,7.141118338,TESSy
Belgium,BE,2020-W51,17567,270442,11455519,2360.800938,6.495662656,TESSy
Bulgaria,BG,2020-W24,563,13175,7000039,188.2132371,4.273244782,TESSy
Bulgaria,BG,2020-W25,615,13137,7000039,187.670383,4.681434117,TESSy
Bulgaria,BG,2020-W26,786,16357,7000039,233.6701267,4.805282142,TESSy
Bulgaria,BG,2020-W27,1049,20082,7000039,286.8841159,5.223583308,TESSy
Bulgaria,BG,2020-W28,1512,22483,7000039,321.1839248,6.725081172,TESSy
Bulgaria,BG,2020-W29,1481,28230,7000039,403.2834674,5.246191994,TESSy
Bulgaria,BG,2020-W30,1694,32426,7000039,463.2259906,5.2242028,TESSy
Bulgaria,BG,2020-W31,1528,35208,7000039,502.9686263,4.339922745,TESSy
Bulgaria,BG,2020-W32,1441,32536,7000039,464.7974104,4.428940251,TESSy
Bulgaria,BG,2020-W33,969,29994,7000039,428.483327,3.230646129,TESSy
Bulgaria,BG,2020-W34,922,34968,7000039,499.540074,2.636696408,TESSy
Bulgaria,BG,2020-W35,903,34715,7000039,495.9258084,2.601181046,TESSy
Bulgaria,BG,2020-W36,860,36540,7000039,521.9970917,2.353585112,TESSy
Bulgaria,BG,2020-W37,868,23980,7000039,342.56952,3.619683069,TESSy
Bulgaria,BG,2020-W38,945,28047,7000039,400.6691963,3.369344315,TESSy
Bulgaria,BG,2020-W39,1192,23428,7000039,334.6838496,5.087928974,TESSy
Bulgaria,BG,2020-W40,1532,26590,7000039,379.8550265,5.761564498,TESSy
Bulgaria,BG,2020-W41,2815,30015,7000039,428.7833254,9.378644011,TESSy
Bulgaria,BG,2020-W42,5101,35596,7000039,508.5114526,14.33026183,TESSy
Bulgaria,BG,2020-W43,8386,52193,7000039,745.6101316,16.06728872,TESSy
Bulgaria,BG,2020-W44,16180,62357,7000039,890.8093226,25.94736758,TESSy
Bulgaria,BG,2020-W45,21091,71318,7000039,1018.822895,29.57317928,TESSy
Bulgaria,BG,2020-W46,23091,60623,7000039,866.0380321,38.08950398,TESSy
Bulgaria,BG,2020-W47,23569,58036,7000039,829.0810951,40.61100007,TESSy
Bulgaria,BG,2020-W48,20666,52525,7000039,750.3529623,39.34507377,TESSy
Bulgaria,BG,2020-W49,18935,50922,7000039,727.4530899,37.18432112,TESSy
Bulgaria,BG,2020-W50,18028,47441,7000039,677.7247955,38.00088531,TESSy
Bulgaria,BG,2020-W51,11746,38010,7000039,542.9969747,30.90239411,TESSy
Croatia,HR,2020-W05,0,4,4076246,0.098129504,0,TESSy
Croatia,HR,2020-W06,0,7,4076246,0.171726633,0,TESSy
Croatia,HR,2020-W07,0,8,4076246,0.196259009,0,TESSy
Croatia,HR,2020-W08,0,6,4076246,0.147194257,0,TESSy
Croatia,HR,2020-W09,7,173,4076246,4.244101068,4.046242775,TESSy
Croatia,HR,2020-W10,5,134,4076246,3.287338399,3.731343284,TESSy
Croatia,HR,2020-W11,36,511,4076246,12.53604419,7.045009785,TESSy
Croatia,HR,2020-W12,187,1958,4076246,48.03439243,9.550561798,TESSy
Croatia,HR,2020-W13,478,4184,4076246,102.6434617,11.42447419,TESSy
Croatia,HR,2020-W14,469,6399,4076246,156.9826747,7.329270198,TESSy
Croatia,HR,2020-W15,418,8853,4076246,217.1851257,4.721563312,TESSy
Croatia,HR,2020-W16,271,9100,4076246,223.2446226,2.978021978,TESSy
Croatia,HR,2020-W17,159,9566,4076246,234.6767099,1.662136734,TESSy
Croatia,HR,2020-W18,66,8922,4076246,218.8778597,0.739744452,TESSy
Croatia,HR,2020-W19,91,10359,4076246,254.1308842,0.878463172,TESSy
Croatia,HR,2020-W20,39,11033,4076246,270.6657057,0.353485,TESSy
Croatia,HR,2020-W21,18,9721,4076246,238.4792282,0.185166135,TESSy
Croatia,HR,2020-W22,2,5364,4076246,131.5916655,0.037285608,TESSy
Croatia,HR,2020-W23,1,2796,4076246,68.59252361,0.035765379,TESSy
Croatia,HR,2020-W24,5,2129,4076246,52.22942874,0.234852043,TESSy
Croatia,HR,2020-W25,65,2908,4076246,71.34014974,2.235213205,TESSy
Croatia,HR,2020-W26,374,6426,4076246,157.6450489,5.82010582,TESSy
Croatia,HR,2020-W27,460,9615,4076246,235.8787963,4.784191368,TESSy
Croatia,HR,2020-W28,571,11925,4076246,292.5485851,4.788259958,TESSy
Croatia,HR,2020-W29,632,13502,4076246,331.2361423,4.680788031,TESSy
Croatia,HR,2020-W30,503,13454,4076246,330.0585882,3.738665081,TESSy
Croatia,HR,2020-W31,403,13215,4076246,324.1953503,3.049564888,TESSy
Croatia,HR,2020-W32,344,10413,4076246,255.4556325,3.303562854,TESSy
Croatia,HR,2020-W33,967,13760,4076246,337.5654953,7.027616279,TESSy
Croatia,HR,2020-W34,1604,21000,4076246,515.1798984,7.638095238,TESSy
Croatia,HR,2020-W35,1948,27640,4076246,678.0748758,7.047756874,TESSy
Croatia,HR,2020-W36,1841,29117,4076246,714.3091953,6.322766769,TESSy
Croatia,HR,2020-W37,1569,29368,4076246,720.4668217,5.342549714,TESSy
Croatia,HR,2020-W38,1389,31921,4076246,783.0979779,4.351367438,TESSy
Croatia,HR,2020-W39,1275,29604,4076246,726.2564624,4.306850426,TESSy
Croatia,HR,2020-W40,1462,29413,4076246,721.5707786,4.970591235,TESSy
Croatia,HR,2020-W41,2781,32256,4076246,791.3163239,8.621651786,TESSy
Croatia,HR,2020-W42,5140,39247,4076246,962.8221653,13.09654241,TESSy
Croatia,HR,2020-W43,10800,49523,4076246,1214.916862,21.80804879,TESSy
Croatia,HR,2020-W44,15115,57298,4076246,1405.656087,26.37962931,TESSy
Croatia,HR,2020-W45,15752,57812,4076246,1418.265728,27.24693835,TESSy
Croatia,HR,2020-W46,16959,57678,4076246,1414.978389,29.40289192,TESSy
Croatia,HR,2020-W47,19512,57979,4076246,1422.362635,33.65356422,TESSy
Croatia,HR,2020-W48,22894,65408,4076246,1604.613657,35.00183464,TESSy
Croatia,HR,2020-W49,23741,66355,4076246,1627.845817,35.77876573,TESSy
Croatia,HR,2020-W50,25533,71159,4076246,1745.699352,35.88161722,TESSy
Croatia,HR,2020-W51,19842,66953,4076246,1642.516178,29.63571461,TESSy
Cyprus,CY,2020-W10,0,58,875899,6.621768035,0,Country website
Cyprus,CY,2020-W11,30,14,875899,1.598357802,,Survey
Cyprus,CY,2020-W12,65,235,875899,26.82957738,27.65957447,Survey
Cyprus,CY,2020-W13,119,382,875899,43.6123343,31.15183246,Survey
Cyprus,CY,2020-W14,232,357,875899,40.75812394,64.9859944,Survey
Cyprus,CY,2020-W15,187,382,875899,43.6123343,48.95287958,Survey
Cyprus,CY,2020-W16,134,492,875899,56.17085988,27.23577236,Survey
Cyprus,CY,2020-W17,50,14238,875899,1625.529884,0.351172918,Country website
Cyprus,CY,2020-W18,55,15811,875899,1805.1168,0.347859085,Country website
Cyprus,CY,2020-W19,26,11904,875899,1359.060805,0.218413978,Country website
Cyprus,CY,2020-W20,18,11410,875899,1302.661608,0.157756354,Country website
Cyprus,CY,2020-W21,19,14137,875899,1613.998874,0.134399095,Country website
Cyprus,CY,2020-W22,9,15725,875899,1795.298316,0.057233704,Country website
Cyprus,CY,2020-W23,20,14155,875899,1616.053906,0.141292829,Country website
Cyprus,CY,2020-W24,19,9812,875899,1120.220482,0.19364044,Country website
Cyprus,CY,2020-W25,3,5982,875899,682.9554549,0.050150451,Country website
Cyprus,CY,2020-W26,8,8069,875899,921.2249358,0.099144875,Country website
Cyprus,CY,2020-W27,9,9515,875899,1086.312463,0.094587493,Country website
Cyprus,CY,2020-W28,18,9471,875899,1081.289053,0.190053849,Other
Cyprus,CY,2020-W29,17,10103,875899,1153.443491,0.168266851,Other
Cyprus,CY,2020-W30,19,10703,875899,1221.944539,0.177520321,Other
Cyprus,CY,2020-W31,93,15404,875899,1758.650255,0.603739288,Other
Cyprus,CY,2020-W32,92,22959,875899,2621.192626,0.400714317,Other
Cyprus,CY,2020-W33,90,23053,875899,2631.924457,0.39040472,Other
Cyprus,CY,2020-W34,89,24751,875899,2825.782425,0.359581431,Other
Cyprus,CY,2020-W35,66,20858,875899,2381.324787,0.316425352,Other
Cyprus,CY,2020-W36,22,16347,875899,1866.31107,0.134581269,Other
Cyprus,CY,2020-W37,17,17787,875899,2030.713587,0.09557542,Other
Cyprus,CY,2020-W38,74,17670,875899,2017.355882,0.418788908,Other
Cyprus,CY,2020-W39,96,21128,875899,2412.150259,0.454373343,Other
Cyprus,CY,2020-W40,128,19817,875899,2262.475468,0.645910077,Other
Cyprus,CY,2020-W41,162,21166,875899,2416.488659,0.765378437,Other
Cyprus,CY,2020-W43,901,26361,875899,3009.593572,3.417928,TESSy
Cyprus,CY,2020-W44,1018,22619,875899,2582.375365,4.500641054,TESSy
Cyprus,CY,2020-W45,1424,26836,875899,3063.823569,5.306304963,TESSy
Cyprus,CY,2020-W46,1191,25277,875899,2885.835011,4.71179333,TESSy
Cyprus,CY,2020-W47,1465,81366,875899,9289.427206,1.800506354,TESSy
Cyprus,CY,2020-W48,1740,79425,875899,9067.826313,2.190745987,TESSy
Cyprus,CY,2020-W49,2068,57242,875899,6535.228377,3.61273191,TESSy
Cyprus,CY,2020-W50,2650,61357,875899,7005.031402,4.318985609,TESSy
Cyprus,CY,2020-W51,2587,59608,875899,6805.350845,4.340021474,TESSy
Czechia,CZ,2020-W01,0,0,10649800,0,,
Czechia,CZ,2020-W02,0,0,10649800,0,,
Czechia,CZ,2020-W03,0,0,10649800,0,,
Czechia,CZ,2020-W04,0,0,10649800,0,,
Czechia,CZ,2020-W05,0,43,10649800,0.403763451,0,TESSy
Czechia,CZ,2020-W06,0,21,10649800,0.197186802,0,TESSy
Czechia,CZ,2020-W07,0,14,10649800,0.131457868,0,TESSy
Czechia,CZ,2020-W08,0,8,10649800,0.075118782,0,TESSy
Czechia,CZ,2020-W09,3,125,10649800,1.173730962,2.4,TESSy
Czechia,CZ,2020-W10,29,717,10649800,6.732520799,4.044630404,TESSy
Czechia,CZ,2020-W11,266,4284,10649800,40.22610753,6.209150327,TESSy
Czechia,CZ,2020-W12,867,12432,10649800,116.7345866,6.973938224,TESSy
Czechia,CZ,2020-W13,1664,26524,10649800,249.0563203,6.273563565,TESSy
Czechia,CZ,2020-W14,1758,42642,10649800,400.4018855,4.122695934,TESSy
Czechia,CZ,2020-W15,1404,45100,10649800,423.4821311,3.11308204,TESSy
Czechia,CZ,2020-W16,796,44165,10649800,414.7026235,1.802332163,TESSy
Czechia,CZ,2020-W17,617,46583,10649800,437.4072753,1.324517528,TESSy
Czechia,CZ,2020-W18,377,43476,10649800,408.2330185,0.867145092,TESSy
Czechia,CZ,2020-W19,342,45140,10649800,423.857725,0.757642889,TESSy
Czechia,CZ,2020-W20,352,45693,10649800,429.0503108,0.770358698,TESSy
Czechia,CZ,2020-W21,482,47258,10649800,443.7454224,1.019933133,TESSy
Czechia,CZ,2020-W22,316,39410,10649800,370.0538977,0.801826947,TESSy
Czechia,CZ,2020-W23,355,30973,10649800,290.8317527,1.146159558,TESSy
Czechia,CZ,2020-W24,396,23542,10649800,221.0557945,1.682100076,TESSy
Czechia,CZ,2020-W25,474,22721,10649800,213.3467295,2.086175785,TESSy
Czechia,CZ,2020-W26,1105,26321,10649800,247.1501812,4.198168763,TESSy
Czechia,CZ,2020-W27,912,26475,10649800,248.5962178,3.444759207,TESSy
Czechia,CZ,2020-W28,659,25402,10649800,238.5209112,2.594283915,TESSy
Czechia,CZ,2020-W29,771,27541,10649800,258.6057954,2.799462619,TESSy
Czechia,CZ,2020-W30,1379,35399,10649800,332.3912186,3.895590271,TESSy
Czechia,CZ,2020-W31,1476,45153,10649800,423.979793,3.268885788,TESSy
Czechia,CZ,2020-W32,1555,48112,10649800,451.7643524,3.232041902,TESSy
Czechia,CZ,2020-W33,1657,46511,10649800,436.7312062,3.562598095,TESSy
Czechia,CZ,2020-W34,1911,48069,10649800,451.3605889,3.975535168,TESSy
Czechia,CZ,2020-W35,2444,55604,10649800,522.1130913,4.39536724,TESSy
Czechia,CZ,2020-W36,3789,69518,10649800,652.7634322,5.45038695,TESSy
Czechia,CZ,2020-W37,8032,99107,10649800,930.5996357,8.104372042,TESSy
Czechia,CZ,2020-W38,13052,129530,10649800,1216.266972,10.07643017,TESSy
Czechia,CZ,2020-W39,15357,136404,10649800,1280.812785,11.25846749,TESSy
Czechia,CZ,2020-W40,17849,122164,10649800,1147.101354,14.61068727,TESSy
Czechia,CZ,2020-W41,34664,147275,10649800,1382.88982,23.53692073,TESSy
Czechia,CZ,2020-W42,56775,208590,10649800,1958.628331,27.21846685,TESSy
Czechia,CZ,2020-W43,84212,269407,10649800,2529.690698,31.25828208,TESSy
Czechia,CZ,2020-W44,83547,269517,10649800,2530.723582,30.99878672,TESSy
Czechia,CZ,2020-W45,73184,247903,10649800,2327.771414,29.52122403,TESSy
Czechia,CZ,2020-W46,45288,235157,10649800,2208.088415,19.25862296,TESSy
Czechia,CZ,2020-W47,32147,211122,10649800,1982.403425,15.22674094,TESSy
Czechia,CZ,2020-W48,27460,233988,10649800,2197.111683,11.73564456,TESSy
Czechia,CZ,2020-W49,27110,222922,10649800,2093.203628,12.16120437,TESSy
Czechia,CZ,2020-W50,34246,222707,10649800,2091.184811,15.37715474,TESSy
Czechia,CZ,2020-W51,46444,303914,10649800,2853.706173,15.28195476,TESSy
Denmark,DK,2020-W05,0,3,5806081,0.051669965,0,Country website
Denmark,DK,2020-W06,0,4,5806081,0.068893286,0,Country website
Denmark,DK,2020-W07,0,4,5806081,0.068893286,0,Country website
Denmark,DK,2020-W08,0,9,5806081,0.155009894,0,Country website
Denmark,DK,2020-W09,4,337,5806081,5.804259362,1.18694362,Country website
Denmark,DK,2020-W10,34,805,5806081,13.86477385,4.223602484,Country website
Denmark,DK,2020-W11,837,4959,5806081,85.41045156,16.8784029,Country website
Denmark,DK,2020-W12,520,7352,5806081,126.62586,7.072905332,Country website
Denmark,DK,2020-W13,1000,10025,5806081,172.6637985,9.975062344,Country website
Denmark,DK,2020-W14,1974,28264,5806081,486.7999602,6.984149448,Country website
Denmark,DK,2020-W15,1805,27841,5806081,479.5144952,6.483244136,Country website
Denmark,DK,2020-W16,1210,28325,5806081,487.8505829,4.27184466,Country website
Denmark,DK,2020-W17,1191,78114,5806081,1345.382539,1.524694677,Country website
Denmark,DK,2020-W18,948,100236,5806081,1726.396859,0.945767988,Country website
Denmark,DK,2020-W19,906,85581,5806081,1473.989081,1.058646195,Country website
Denmark,DK,2020-W20,498,86423,5806081,1488.491118,0.576235493,Country website
Denmark,DK,2020-W21,433,82950,5806081,1428.674522,0.522001206,Country website
Denmark,DK,2020-W22,309,88820,5806081,1529.77542,0.347894618,Country website
Denmark,DK,2020-W23,279,74955,5806081,1290.974067,0.372223334,Country website
Denmark,DK,2020-W24,245,95955,5806081,1652.663819,0.255328018,Country website
Denmark,DK,2020-W25,198,113160,5806081,1948.991066,0.174973489,Country website
Denmark,DK,2020-W26,284,114061,5806081,1964.509279,0.248989576,Country website
Denmark,DK,2020-W27,157,103260,5806081,1778.480183,0.152043386,Country website
Denmark,DK,2020-W28,114,97530,5806081,1679.790551,0.116887112,Country website
Denmark,DK,2020-W29,227,102400,5806081,1763.668127,0.221679688,Country website
Denmark,DK,2020-W30,265,107985,5806081,1859.860377,0.245404454,Country website
Denmark,DK,2020-W31,351,131798,5806081,2269.999333,0.266316636,Country website
Denmark,DK,2020-W32,653,169315,5806081,2916.166688,0.385671677,Country website
Denmark,DK,2020-W33,1175,216382,5806081,3726.816763,0.543021139,Country website
Denmark,DK,2020-W34,510,242452,5806081,4175.828756,0.210350915,Country website
Denmark,DK,2020-W35,573,243726,5806081,4197.771268,0.235100071,Country website
Denmark,DK,2020-W36,847,256152,5806081,4411.788261,0.330663044,Country website
Denmark,DK,2020-W37,1669,330923,5806081,5699.593237,0.504346933,Country website
Denmark,DK,2020-W38,2631,353080,5806081,6081.210372,0.745156905,Country website
Denmark,DK,2020-W39,4790,350861,5806081,6042.991822,1.365213005,Country website
Denmark,DK,2020-W40,3043,307452,5806081,5295.344657,0.989747993,Country website
Denmark,DK,2020-W41,2742,297337,5806081,5121.130759,0.922185937,TESSy
Denmark,DK,2020-W42,2970,239797,5806081,4130.100837,1.238547605,TESSy
Denmark,DK,2020-W43,4964,333813,5806081,5749.368636,1.48706012,TESSy
Denmark,DK,2020-W44,6943,434949,5806081,7491.266484,1.596279104,TESSy
Denmark,DK,2020-W45,7822,461227,5806081,7943.860928,1.695911124,TESSy
Denmark,DK,2020-W46,7015,486375,5806081,8376.993018,1.44230275,TESSy
Denmark,DK,2020-W47,8349,503544,5806081,8672.700226,1.658047757,TESSy
Denmark,DK,2020-W48,8867,502686,5806081,8657.922616,1.763924199,TESSy
Denmark,DK,2020-W49,11251,543381,5806081,9358.825686,2.070554546,TESSy
Denmark,DK,2020-W50,19155,685789,5806081,11811.56446,2.793133165,TESSy
Denmark,DK,2020-W51,24676,861424,5806081,14836.58254,2.864559149,TESSy
Estonia,EE,2020-W06,0,2,1324820,0.150963905,0,Country API
Estonia,EE,2020-W07,0,1,1324820,0.075481952,0,Country API
Estonia,EE,2020-W08,0,1,1324820,0.075481952,0,Country API
Estonia,EE,2020-W09,1,58,1324820,4.377953231,1.724137931,Country API
Estonia,EE,2020-W10,9,243,1324820,18.3421144,3.703703704,Country API
Estonia,EE,2020-W11,161,1212,1324820,91.48412615,13.28382838,Country API
Estonia,EE,2020-W12,155,2658,1324820,200.6310291,5.83145222,Country API
Estonia,EE,2020-W13,353,7408,1324820,559.1703024,4.76511879,Country API
Estonia,EE,2020-W14,418,11163,1324820,842.6050331,3.744513124,Country API
Estonia,EE,2020-W15,212,9653,1324820,728.6272852,2.196208433,Country API
Estonia,EE,2020-W16,219,10200,1324820,769.9159131,2.147058824,TESSy
Estonia,EE,2020-W17,115,7500,1324820,566.114642,1.533333333,TESSy
Estonia,EE,2020-W18,57,7393,1324820,558.0380731,0.770999594,TESSy
Estonia,EE,2020-W19,39,8210,1324820,619.7068281,0.475030451,TESSy
Estonia,EE,2020-W20,35,6252,1324820,471.9131656,0.559820857,TESSy
Estonia,EE,2020-W21,49,6426,1324820,485.0470253,0.762527233,TESSy
Estonia,EE,2020-W22,46,7575,1324820,571.7757884,0.607260726,TESSy
Estonia,EE,2020-W23,70,6477,1324820,488.8966048,1.08074726,TESSy
Estonia,EE,2020-W24,34,6028,1324820,455.0052083,0.564034506,TESSy
Estonia,EE,2020-W25,8,7989,1324820,603.0253166,0.100137689,Country API
Estonia,EE,2020-W26,6,2808,1324820,211.953322,0.213675214,TESSy
Estonia,EE,2020-W27,6,3373,1324820,254.600625,0.17788319,TESSy
Estonia,EE,2020-W28,21,2798,1324820,211.1985024,0.750536097,TESSy
Estonia,EE,2020-W29,7,2376,1324820,179.3451186,0.294612795,TESSy
Estonia,EE,2020-W30,13,2517,1324820,189.9880739,0.516487882,TESSy
Estonia,EE,2020-W31,45,3356,1324820,253.3174318,1.340882002,TESSy
Estonia,EE,2020-W32,73,6412,1324820,483.9902779,1.138490331,TESSy
Estonia,EE,2020-W33,38,8148,1324820,615.0269471,0.466372116,TESSy
Estonia,EE,2020-W34,82,6133,1324820,462.9308132,1.337029186,TESSy
Estonia,EE,2020-W35,101,6917,1324820,522.1086638,1.460170594,TESSy
Estonia,EE,2020-W36,142,12311,1324820,929.2583143,1.153440013,TESSy
Estonia,EE,2020-W37,161,12443,1324820,939.221932,1.293900185,TESSy
Estonia,EE,2020-W38,248,16384,1324820,1236.696306,1.513671875,TESSy
Estonia,EE,2020-W39,276,18574,1324820,1402.001781,1.485948099,TESSy
Estonia,EE,2020-W40,407,14256,1324820,1076.070711,2.854938272,TESSy
Estonia,EE,2020-W41,258,11272,1324820,850.8325659,2.288857346,TESSy
Estonia,EE,2020-W42,213,10132,1324820,764.7831404,2.102250296,TESSy
Estonia,EE,2020-W44,574,11852,1324820,894.6120982,4.843064462,TESSy
Estonia,EE,2020-W45,1140,15907,1324820,1200.691415,7.166656189,TESSy
Estonia,EE,2020-W46,1512,33987,1324820,2565.405112,4.44875982,TESSy
Estonia,EE,2020-W47,2087,38976,1324820,2941.984571,5.354577176,TESSy
Estonia,EE,2020-W48,2328,35701,1324820,2694.781178,6.520825747,TESSy
Estonia,EE,2020-W49,2926,35618,1324820,2688.516176,8.214947498,TESSy
Estonia,EE,2020-W50,3077,34192,1324820,2580.878912,8.999181095,TESSy
Estonia,EE,2020-W51,3739,37056,1324820,2797.059223,10.09013385,TESSy
Finland,FI,2020-W01,0,9,5517919,0.163104968,0,Survey
Finland,FI,2020-W02,0,14,5517919,0.253718839,0,Survey
Finland,FI,2020-W03,0,12,5517919,0.21747329,0,Survey
Finland,FI,2020-W04,0,21,5517919,0.380578258,0,Survey
Finland,FI,2020-W05,1,25,5517919,0.453069355,4,Survey
Finland,FI,2020-W06,0,41,5517919,0.743033742,0,Survey
Finland,FI,2020-W07,0,32,5517919,0.579928774,0,Survey
Finland,FI,2020-W08,0,31,5517919,0.561806,0,Survey
Finland,FI,2020-W09,5,83,5517919,1.504190257,6.024096386,Survey
Finland,FI,2020-W10,24,503,5517919,9.115755414,4.771371769,Survey
Finland,FI,2020-W11,237,2421,5517919,43.8752363,9.789343247,Survey
Finland,FI,2020-W12,359,7638,5517919,138.4217492,4.700183294,Survey
Finland,FI,2020-W13,592,10379,5517919,188.0962733,5.703825031,Survey
Finland,FI,2020-W14,709,12463,5517919,225.8641346,5.688838963,Survey
Finland,FI,2020-W15,1047,15756,5517919,285.54243,6.645087586,Survey
Finland,FI,2020-W16,809,16349,5517919,296.2892351,4.948314882,Survey
Finland,FI,2020-W17,793,23236,5517919,421.1007809,3.412807712,Country API
Finland,FI,2020-W18,678,21364,5517919,387.1749477,3.173563003,Country API
Finland,FI,2020-W19,708,21129,5517919,382.9160957,3.35084481,Country API
Finland,FI,2020-W20,385,24285,5517919,440.111571,1.585340745,Country API
Finland,FI,2020-W21,232,20367,5517919,369.1065418,1.13909756,Country API
Finland,FI,2020-W22,280,17380,5517919,314.9738153,1.611047181,Country API
Finland,FI,2020-W23,122,15543,5517919,281.6822791,0.784919256,Country API
Finland,FI,2020-W24,123,15596,5517919,282.6427862,0.78866376,Country API
Finland,FI,2020-W25,39,12563,5517919,227.6764121,0.310435406,Country API
Finland,FI,2020-W26,48,13959,5517919,252.9758048,0.343864174,Country API
Finland,FI,2020-W27,81,18274,5517919,331.1755754,0.443252709,Country API
Finland,FI,2020-W28,20,26080,5517919,472.6419507,0.076687117,Country API
Finland,FI,2020-W29,46,30231,5517919,547.8695863,0.152161688,Country API
Finland,FI,2020-W30,55,30074,5517919,545.0243108,0.182882224,Country API
Finland,FI,2020-W31,60,34641,5517919,627.7910205,0.173205162,Country API
Finland,FI,2020-W32,131,48786,5517919,884.1376613,0.268519657,Country API
Finland,FI,2020-W33,147,72535,5517919,1314.535425,0.202660784,Country API
Finland,FI,2020-W34,189,98622,5517919,1787.304236,0.19164081,Country API
Finland,FI,2020-W35,157,108154,5517919,1960.050519,0.145163378,Country API
Finland,FI,2020-W36,214,102462,5517919,1856.895688,0.208857918,Country API
Finland,FI,2020-W37,289,79725,5517919,1444.838172,0.36249608,Country API
Finland,FI,2020-W38,400,97799,5517919,1772.389192,0.409002137,Country API
Finland,FI,2020-W39,702,91405,5517919,1656.512174,0.768010503,Country API
Finland,FI,2020-W40,856,85043,5517919,1541.215085,1.006549628,Country API
Finland,FI,2020-W41,1460,103583,5517919,1877.211318,1.409497697,Country API
Finland,FI,2020-W42,1426,87857,5517919,1592.212571,1.62309207,TESSy
Finland,FI,2020-W43,1424,97762,5517919,1771.71865,1.456598678,TESSy
Finland,FI,2020-W44,1443,89021,5517919,1613.307481,1.62096584,TESSy
Finland,FI,2020-W45,1506,89187,5517919,1616.315861,1.688586902,TESSy
Finland,FI,2020-W46,1518,91562,5517919,1659.35745,1.657893012,TESSy
Finland,FI,2020-W47,2324,104308,5517919,1890.35033,2.228017026,TESSy
Finland,FI,2020-W48,2990,132834,5517919,2407.320586,2.250929732,TESSy
Finland,FI,2020-W49,3002,132127,5517919,2394.507785,2.272056431,TESSy
Finland,FI,2020-W50,3179,120662,5517919,2186.730179,2.634632279,TESSy
Finland,FI,2020-W51,2352,114631,5517919,2077.431727,2.051800996,TESSy
France,FR,2020-W09,118,3318,67012883,4.951286755,3.556359253,TESSy
France,FR,2020-W10,996,11101,67012883,16.56547145,8.97216467,TESSy
France,FR,2020-W11,4297,29623,67012883,44.20493295,14.50562063,TESSy
France,FR,2020-W12,10595,73235,67012883,109.2849564,14.46712637,TESSy
France,FR,2020-W13,24156,122870,67012883,183.352804,19.65980304,TESSy
France,FR,2020-W14,30304,127029,67012883,189.5590733,23.8559699,TESSy
France,FR,2020-W15,24925,140316,67012883,209.3866041,17.76347672,TESSy
France,FR,2020-W16,17203,145101,67012883,216.5270221,11.8558797,TESSy
France,FR,2020-W17,11969,152395,67012883,227.4114964,7.853932216,TESSy
France,FR,2020-W18,6712,121301,67012883,181.0114631,5.533342676,TESSy
France,FR,2020-W19,7776,120408,67012883,179.6788835,6.458042655,TESSy
France,FR,2020-W20,3348,151072,67012883,225.4372491,2.21616183,TESSy
France,FR,2020-W21,2510,234881,67012883,350.5012611,1.068626241,TESSy
France,FR,2020-W22,6832,257262,67012883,383.8993168,2.655658434,TESSy
France,FR,2020-W23,2224,202424,67012883,302.0672906,1.098683951,TESSy
France,FR,2020-W24,3243,218461,67012883,325.9985099,1.48447549,TESSy
France,FR,2020-W25,3157,217904,67012883,325.1673264,1.448803143,TESSy
France,FR,2020-W26,2559,240414,67012883,358.7578824,1.064413886,TESSy
France,FR,2020-W27,4024,303147,67012883,452.3712254,1.327408815,TESSy
France,FR,2020-W28,3792,346837,67012883,517.5676444,1.093308961,TESSy
France,FR,2020-W29,3922,360933,67012883,538.6024057,1.086628266,TESSy
France,FR,2020-W30,5854,458742,67012883,684.557923,1.276098548,TESSy
France,FR,2020-W31,7391,528539,67012883,788.7125226,1.39838309,TESSy
France,FR,2020-W32,10002,537696,67012883,802.3770593,1.8601589,TESSy
France,FR,2020-W33,20615,545595,67012883,814.1643451,3.778443717,TESSy
France,FR,2020-W34,24363,726779,67012883,1084.536238,3.352188217,TESSy
France,FR,2020-W35,35044,886364,67012883,1322.677014,3.953680429,TESSy
France,FR,2020-W36,46834,957415,67012883,1428.702896,4.891713625,TESSy
France,FR,2020-W37,56317,1136032,67012883,1695.244182,4.957342751,TESSy
France,FR,2020-W38,72669,1150879,67012883,1717.399623,6.31421722,TESSy
France,FR,2020-W39,84806,935477,67012883,1395.965907,9.06553555,TESSy
France,FR,2020-W40,80601,853488,67012883,1273.617791,9.443718014,TESSy
France,FR,2020-W41,115804,982987,67012883,1466.862723,11.78082721,TESSy
France,FR,2020-W42,162060,1228308,67012883,1832.943078,13.19375922,TESSy
France,FR,2020-W43,241473,1428405,67012883,2131.537901,16.90507944,TESSy
France,FR,2020-W44,334467,1575033,67012883,2350.34359,21.23555506,TESSy
France,FR,2020-W45,304433,1444719,67012883,2155.882474,21.07212544,TESSy
France,FR,2020-W46,178052,1044418,67012883,1558.533155,17.04796355,TESSy
France,FR,2020-W47,116161,790027,67012883,1178.91809,14.70342153,TESSy
France,FR,2020-W48,78190,599420,67012883,894.4847217,13.04427613,TESSy
France,FR,2020-W49,72002,1113772,67012883,1662.026688,6.46469834,TESSy
France,FR,2020-W51,93637,1988459,67012883,2967.278695,4.70902342,TESSy
Germany,DE,2020-W10,773,124716,83019213,150.2254665,0.619808204,TESSy
Germany,DE,2020-W11,3936,127457,83019213,153.5271119,3.0881003,TESSy
Germany,DE,2020-W12,19936,348619,83019213,419.9256864,5.718563819,TESSy
Germany,DE,2020-W13,32524,361515,83019213,435.45944,8.996583821,TESSy
Germany,DE,2020-W14,38093,408348,83019213,491.8716828,9.328562892,TESSy
Germany,DE,2020-W15,27625,380197,83019213,457.9626646,7.26597001,TESSy
Germany,DE,2020-W16,18656,331902,83019213,399.7893837,5.6209363,TESSy
Germany,DE,2020-W17,13521,363890,83019213,438.3202235,3.715683311,TESSy
Germany,DE,2020-W18,7982,326788,83019213,393.6293638,2.44256215,TESSy
Germany,DE,2020-W19,6400,403875,83019213,486.4837733,1.584648716,TESSy
Germany,DE,2020-W20,5122,432076,83019213,520.4530185,1.185439599,TESSy
Germany,DE,2020-W21,3873,354260,83019213,426.720499,1.093264834,TESSy
Germany,DE,2020-W22,3245,401589,83019213,483.7301939,0.808040061,TESSy
Germany,DE,2020-W23,2378,337217,83019213,406.1915162,0.705183902,TESSy
Germany,DE,2020-W24,2268,327196,83019213,394.1208163,0.693162508,TESSy
Germany,DE,2020-W25,3898,386316,83019213,465.3332476,1.009018524,TESSy
Germany,DE,2020-W26,3402,464626,83019213,559.6608101,0.732201814,TESSy
Germany,DE,2020-W27,2793,506459,83019213,610.0503506,0.551476033,TESSy
Germany,DE,2020-W28,2409,510551,83019213,614.9793301,0.471843166,TESSy
Germany,DE,2020-W29,2860,538701,83019213,648.8871438,0.530906755,TESSy
Germany,DE,2020-W30,3786,553429,83019213,666.6276155,0.684098593,TESSy
Germany,DE,2020-W31,4793,586620,83019213,706.6075175,0.817053629,TESSy
Germany,DE,2020-W32,5925,716768,83019213,863.3760477,0.826627305,TESSy
Germany,DE,2020-W33,7687,835384,83019213,1006.253817,0.920175632,TESSy
Germany,DE,2020-W34,9561,1084446,83019213,1306.25907,0.881648326,TESSy
Germany,DE,2020-W35,8806,1120883,83019213,1350.148911,0.785630614,TESSy
Germany,DE,2020-W36,8418,1072316,83019213,1291.647995,0.785029786,TESSy
Germany,DE,2020-W37,9556,1164932,83019213,1403.207713,0.820305391,TESSy
Germany,DE,2020-W38,11982,1146565,83019213,1381.083918,1.045034516,TESSy
Germany,DE,2020-W39,12995,1155995,83019213,1392.442735,1.12413981,TESSy
Germany,DE,2020-W40,15287,1112967,83019213,1340.613769,1.373535783,TESSy
Germany,DE,2020-W41,24712,1188338,83019213,1431.401187,2.079543026,TESSy
Germany,DE,2020-W42,40968,1263716,83019213,1522.197036,3.241867635,TESSy
Germany,DE,2020-W43,71567,1409437,83019213,1697.723875,5.077701238,TESSy
Germany,DE,2020-W44,107161,1626132,83019213,1958.741767,6.589932429,TESSy
Germany,DE,2020-W45,126841,1602839,83019213,1930.684407,7.913520946,TESSy
Germany,DE,2020-W46,129459,1390324,83019213,1674.701493,9.311426689,TESSy
Germany,DE,2020-W47,127806,1360981,83019213,1639.356663,9.390726248,TESSy
Germany,DE,2020-W48,124736,1312802,83019213,1581.323109,9.501508986,TESSy
Germany,DE,2020-W49,129785,1312802,83019213,1581.323109,9.886106206,TESSy
Germany,DE,2020-W50,153424,1297303,83019213,1562.653937,11.82638135,TESSy
Germany,DE,2020-W51,173574,1578209,83019213,1901.016576,10.99816311,TESSy
Greece,EL,2020-W01,0,0,10724599,0,,
Greece,EL,2020-W02,0,0,10724599,0,,
Greece,EL,2020-W04,0,0,10724599,0,,
Greece,EL,2020-W05,0,0,10724599,0,,
Greece,EL,2020-W06,0,0,10724599,0,,
Greece,EL,2020-W07,0,0,10724599,0,,
Greece,EL,2020-W08,0,0,10724599,0,,
Greece,EL,2020-W09,7,200,10724599,1.864871591,3.5,TESSy
Greece,EL,2020-W10,66,1035,10724599,9.650710483,6.376811594,TESSy
Greece,EL,2020-W11,258,5714,10724599,53.27938135,4.515225761,TESSy
Greece,EL,2020-W12,293,9925,10724599,92.5442527,2.952141058,TESSy
Greece,EL,2020-W13,532,8993,10724599,83.85395109,5.915712221,TESSy
Greece,EL,2020-W14,579,9732,10724599,90.74465162,5.949445129,TESSy
Greece,EL,2020-W15,379,10379,10724599,96.77751122,3.651604201,TESSy
Greece,EL,2020-W16,121,10919,10724599,101.8126645,1.108160088,TESSy
Greece,EL,2020-W17,271,14240,10724599,132.7788573,1.903089888,TESSy
Greece,EL,2020-W18,120,18419,10724599,171.7453492,0.651501167,TESSy
Greece,EL,2020-W19,90,26853,10724599,250.3869842,0.335158083,TESSy
Greece,EL,2020-W20,118,30119,10724599,280.8403372,0.391779276,TESSy
Greece,EL,2020-W21,44,34174,10724599,318.6506088,0.128752853,TESSy
Greece,EL,2020-W22,39,27497,10724599,256.3918707,0.141833655,TESSy
Greece,EL,2020-W23,80,31579,10724599,294.4538999,0.253332911,TESSy
Greece,EL,2020-W24,124,35367,10724599,329.7745678,0.350609325,TESSy
Greece,EL,2020-W25,145,34696,10724599,323.5179236,0.41791561,TESSy
Greece,EL,2020-W26,110,34964,10724599,326.0168515,0.314609312,TESSy
Greece,EL,2020-W27,143,43438,10724599,405.0314608,0.329204844,TESSy
Greece,EL,2020-W28,284,62993,10724599,587.3692807,0.450843745,TESSy
Greece,EL,2020-W29,204,64682,10724599,603.1181212,0.315389135,TESSy
Greece,EL,2020-W30,186,53361,10724599,497.5570648,0.34856918,TESSy
Greece,EL,2020-W31,469,57263,10724599,533.9407096,0.819027994,TESSy
Greece,EL,2020-W32,961,70061,10724599,653.2738427,1.371661838,TESSy
Greece,EL,2020-W33,1452,79411,10724599,740.4565896,1.828462052,TESSy
Greece,EL,2020-W34,1589,82050,10724599,765.0635702,1.93662401,TESSy
Greece,EL,2020-W35,1470,91067,10724599,849.1413059,1.614196141,TESSy
Greece,EL,2020-W36,1390,87938,10724599,819.9653898,1.580659101,TESSy
Greece,EL,2020-W37,1716,96146,10724599,896.4997199,1.784785639,TESSy
Greece,EL,2020-W38,1902,85002,10724599,792.5890749,2.23759441,TESSy
Greece,EL,2020-W39,2302,76379,10724599,712.1851362,3.013917438,TESSy
Greece,EL,2020-W40,2398,76821,10724599,716.3065025,3.121542287,TESSy
Greece,EL,2020-W41,2516,84070,10724599,783.8987733,2.992744142,TESSy
Greece,EL,2020-W42,3012,129761,10724599,1209.938013,2.321190496,TESSy
Greece,EL,2020-W43,5412,147588,10724599,1376.163342,3.666964794,TESSy
Greece,EL,2020-W44,10147,145698,10724599,1358.540305,6.964405826,TESSy
Greece,EL,2020-W45,15769,166432,10724599,1551.871543,9.474740435,TESSy
Greece,EL,2020-W46,17507,172922,10724599,1612.386626,10.12421786,TESSy
Greece,EL,2020-W47,17414,185997,10724599,1734.302607,9.3625166,TESSy
Greece,EL,2020-W48,12608,182875,10724599,1705.191961,6.894326726,TESSy
Greece,EL,2020-W49,11244,167417,10724599,1561.056036,6.71616383,TESSy
Greece,EL,2020-W50,9063,184638,10724599,1721.630804,4.908523706,TESSy
Greece,EL,2020-W51,6538,196345,10724599,1830.791063,3.329853065,TESSy
Hungary,HU,2020-W10,8,318,9772756,3.253943923,2.51572327,TESSy
Hungary,HU,2020-W11,31,1232,9772756,12.60647457,2.516233766,TESSy
Hungary,HU,2020-W12,128,4534,9772756,46.39428223,2.823114248,TESSy
Hungary,HU,2020-W13,280,8416,9772756,86.11695616,3.326996198,TESSy
Hungary,HU,2020-W14,297,9695,9772756,99.20435955,3.06343476,TESSy
Hungary,HU,2020-W15,714,12154,9772756,124.366146,5.874609182,TESSy
Hungary,HU,2020-W16,526,13838,9772756,141.5977233,3.801127331,TESSy
Hungary,HU,2020-W17,599,16894,9772756,172.8683291,3.545637504,TESSy
Hungary,HU,2020-W18,452,19890,9772756,203.5249831,2.272498743,TESSy
Hungary,HU,2020-W19,249,29139,9772756,298.1656352,0.854524864,TESSy
Hungary,HU,2020-W20,251,26030,9772756,266.3527054,0.964271994,TESSy
Hungary,HU,2020-W21,221,24758,9772756,253.3369297,0.892640763,TESSy
Hungary,HU,2020-W22,120,25990,9772756,265.9434043,0.461716045,TESSy
Hungary,HU,2020-W23,94,22542,9772756,230.6616475,0.416999379,TESSy
Hungary,HU,2020-W24,106,24420,9772756,249.8783352,0.434070434,TESSy
Hungary,HU,2020-W25,26,22516,9772756,230.3956018,0.115473441,TESSy
Hungary,HU,2020-W26,40,17210,9772756,176.1018079,0.23242301,TESSy
Hungary,HU,2020-W27,41,11054,9772756,113.1103652,0.370906459,TESSy
Hungary,HU,2020-W28,51,10319,9772756,105.5894571,0.494233937,TESSy
Hungary,HU,2020-W29,99,14216,9772756,145.4656189,0.696398424,TESSy
Hungary,HU,2020-W30,115,18032,9772756,184.512946,0.637755102,TESSy
Hungary,HU,2020-W31,87,17577,9772756,179.8571457,0.494965011,TESSy
Hungary,HU,2020-W32,161,14904,9772756,152.5055982,1.080246914,TESSy
Hungary,HU,2020-W33,220,19098,9772756,195.4208209,1.151953084,TESSy
Hungary,HU,2020-W34,239,17583,9772756,179.9185409,1.359267474,TESSy
Hungary,HU,2020-W35,806,33703,9772756,344.8668932,2.391478503,TESSy
Hungary,HU,2020-W36,2426,56204,9772756,575.1090071,4.31641876,TESSy
Hungary,HU,2020-W37,3922,74992,9772756,767.3577443,5.229891188,TESSy
Hungary,HU,2020-W38,6557,78224,9772756,800.429275,8.382337901,TESSy
Hungary,HU,2020-W39,5850,63989,9772756,654.7692381,9.142196315,TESSy
Hungary,HU,2020-W40,6764,68125,9772756,697.0909741,9.928807339,TESSy
Hungary,HU,2020-W41,7097,68499,9772756,700.9179396,10.36073519,TESSy
Hungary,HU,2020-W42,9191,69935,9772756,715.6118499,13.14220347,TESSy
Hungary,HU,2020-W43,13795,86306,9772756,883.1285668,15.98382499,TESSy
Hungary,HU,2020-W44,21217,107033,9772756,1095.218176,19.82285837,TESSy
Hungary,HU,2020-W45,31998,128028,9772756,1310.050103,24.99297029,TESSy
Hungary,HU,2020-W46,32678,140824,9772756,1440.985532,23.20485145,TESSy
Hungary,HU,2020-W47,30496,151935,9772756,1554.679151,20.07174121,TESSy
Hungary,HU,2020-W48,39170,184241,9772756,1885.251202,21.26019724,TESSy
Hungary,HU,2020-W49,37026,200615,9772756,2052.798617,18.45624704,TESSy
Hungary,HU,2020-W50,29722,171128,9772756,1751.072062,17.36828573,TESSy
Hungary,HU,2020-W51,21260,145292,9772756,1486.704467,14.63260193,TESSy
Iceland,IS,2020-W09,3,90,356991,25.2107196,3.333333333,Country website
Iceland,IS,2020-W10,52,388,356991,108.6862134,13.40206186,Country website
Iceland,IS,2020-W11,123,2424,356991,679.0087145,5.074257426,Country website
Iceland,IS,2020-W12,390,7358,356991,2061.116387,5.300353357,Country website
Iceland,IS,2020-W13,452,6183,356991,1731.976436,7.310367136,Country website
Iceland,IS,2020-W14,466,11396,356991,3192.237339,4.089154089,Country website
Iceland,IS,2020-W15,215,7608,356991,2131.146163,2.82597266,Country website
Iceland,IS,2020-W16,70,7655,356991,2144.311761,0.91443501,Country website
Iceland,IS,2020-W17,21,3234,356991,905.9051909,0.649350649,Country website
Iceland,IS,2020-W18,7,4100,356991,1148.488337,0.170731707,Country website
Iceland,IS,2020-W19,2,3736,356991,1046.524982,0.053533191,Country website
Iceland,IS,2020-W20,1,2669,356991,747.6378956,0.037467216,Country website
Iceland,IS,2020-W21,2,1974,356991,552.9551165,0.101317123,Country website
Iceland,IS,2020-W22,2,2282,356991,639.2318014,0.087642419,Country website
Iceland,IS,2020-W23,1,1664,356991,466.1181935,0.060096154,Country website
Iceland,IS,2020-W24,3,396,356991,110.9271662,0.757575758,Country website
Iceland,IS,2020-W25,5,5992,356991,1678.473687,0.083444593,Country website
Iceland,IS,2020-W26,6,7964,356991,2230.868565,0.075339026,Country website
Iceland,IS,2020-W27,9,12670,356991,3549.109081,0.071033938,Country website
Iceland,IS,2020-W28,3,12904,356991,3614.656952,0.023248605,Country website
Iceland,IS,2020-W29,6,11684,356991,3272.911642,0.051352277,Country website
Iceland,IS,2020-W30,8,11090,356991,3106.520893,0.07213706,Country website
Iceland,IS,2020-W31,60,16711,356991,4681.070391,0.35904494,Country website
Iceland,IS,2020-W32,51,19545,356991,5474.927939,0.260936301,Country website
Iceland,IS,2020-W33,53,21805,356991,6107.99712,0.243063518,Country website
Iceland,IS,2020-W34,53,17467,356991,4892.840436,0.303429324,Country website
Iceland,IS,2020-W35,41,14569,356991,4081.055265,0.281419452,Country website
Iceland,IS,2020-W36,36,11749,356991,3291.119384,0.306409056,Country website
Iceland,IS,2020-W37,24,9456,356991,2648.806272,0.253807107,Country website
Iceland,IS,2020-W38,181,17068,356991,4781.072912,1.060464026,Country website
Iceland,IS,2020-W39,277,21134,356991,5920.0372,1.310684206,Country website
Iceland,IS,2020-W40,298,14175,356991,3970.688337,2.102292769,TESSy
Iceland,IS,2020-W41,605,21127,356991,5918.076366,2.863634212,TESSy
Iceland,IS,2020-W42,529,13780,356991,3860.04129,3.838896952,TESSy
Iceland,IS,2020-W43,393,10411,356991,2916.320019,3.77485352,TESSy
Iceland,IS,2020-W44,442,12691,356991,3554.991582,3.482783075,TESSy
Iceland,IS,2020-W45,188,9613,356991,2692.784972,1.95568501,TESSy
Iceland,IS,2020-W46,111,8190,356991,2294.175483,1.355311355,TESSy
Iceland,IS,2020-W47,88,7025,356991,1967.836724,1.252669039,TESSy
Iceland,IS,2020-W48,104,7276,356991,2038.14662,1.429356789,TESSy
Iceland,IS,2020-W49,101,9406,356991,2634.800317,1.073782692,TESSy
Iceland,IS,2020-W50,75,9183,356991,2572.333756,0.81672656,TESSy
Iceland,IS,2020-W51,85,12654,356991,3544.627175,0.671724356,TESSy
Ireland,IE,2020-W05,0,1,4904240,0.020390519,0,TESSy
Ireland,IE,2020-W06,0,69,4904240,1.406945826,0,TESSy
Ireland,IE,2020-W07,0,24,4904240,0.489372461,0,TESSy
Ireland,IE,2020-W08,0,16,4904240,0.326248308,0,TESSy
Ireland,IE,2020-W09,1,307,4904240,6.259889402,0.325732899,TESSy
Ireland,IE,2020-W10,20,1063,4904240,21.67512194,1.881467545,TESSy
Ireland,IE,2020-W11,148,3206,4904240,65.37200463,4.616344354,TESSy
Ireland,IE,2020-W12,737,9310,4904240,189.835734,7.916219119,TESSy
Ireland,IE,2020-W13,1709,14877,4904240,303.3497545,11.48753109,TESSy
Ireland,IE,2020-W14,2496,18566,4904240,378.5703799,13.44392976,TESSy
Ireland,IE,2020-W15,4544,39166,4904240,798.6150759,11.60189961,TESSy
Ireland,IE,2020-W16,5596,21458,4904240,437.5397615,26.07885171,TESSy
Ireland,IE,2020-W17,4011,38901,4904240,793.2115883,10.31078893,TESSy
Ireland,IE,2020-W18,2244,60626,4904240,1236.195618,3.701382245,TESSy
Ireland,IE,2020-W19,1490,45541,4904240,928.604636,3.27177708,TESSy
Ireland,IE,2020-W20,1116,39468,4904240,804.7730127,2.827607175,TESSy
Ireland,IE,2020-W21,527,30003,4904240,611.7767483,1.756491018,TESSy
Ireland,IE,2020-W22,351,24309,4904240,495.6731318,1.443909663,TESSy
Ireland,IE,2020-W23,211,18540,4904240,378.0402264,1.138079827,TESSy
Ireland,IE,2020-W24,102,19034,4904240,388.1131429,0.535883156,TESSy
Ireland,IE,2020-W25,76,18433,4904240,375.8584409,0.41230402,TESSy
Ireland,IE,2020-W26,60,22111,4904240,450.8547706,0.271358148,TESSy
Ireland,IE,2020-W27,88,42824,4904240,873.2035953,0.205492247,TESSy
Ireland,IE,2020-W28,101,49107,4904240,1001.317228,0.205673326,TESSy
Ireland,IE,2020-W29,132,50903,4904240,1037.9386,0.25931674,TESSy
Ireland,IE,2020-W30,121,47048,4904240,959.3331485,0.257184152,TESSy
Ireland,IE,2020-W31,281,27422,4904240,559.1488182,1.024724674,TESSy
Ireland,IE,2020-W32,550,28426,4904240,579.6208995,1.934848378,TESSy
Ireland,IE,2020-W33,545,54816,4904240,1117.726702,0.99423526,TESSy
Ireland,IE,2020-W34,712,52061,4904240,1061.550821,1.367626438,TESSy
Ireland,IE,2020-W35,791,62179,4904240,1267.862095,1.272133679,TESSy
Ireland,IE,2020-W36,912,66676,4904240,1359.55826,1.367808507,TESSy
Ireland,IE,2020-W37,1313,74796,4904240,1525.129276,1.755441467,TESSy
Ireland,IE,2020-W38,1948,86079,4904240,1755.195504,2.263037442,TESSy
Ireland,IE,2020-W39,2057,87700,4904240,1788.248536,2.345496009,TESSy
Ireland,IE,2020-W40,3042,90199,4904240,1839.204444,3.372542933,TESSy
Ireland,IE,2020-W41,4496,96210,4904240,1961.771855,4.673110903,TESSy
Ireland,IE,2020-W42,7434,112134,4904240,2286.470483,6.629568195,TESSy
Ireland,IE,2020-W43,7166,114901,4904240,2342.891049,6.23667331,TESSy
Ireland,IE,2020-W44,4874,88153,4904240,1797.485441,5.529023402,TESSy
Ireland,IE,2020-W45,3392,78398,4904240,1598.575926,4.326640986,TESSy
Ireland,IE,2020-W46,2509,75951,4904240,1548.680326,3.303445643,TESSy
Ireland,IE,2020-W47,2558,77842,4904240,1587.238797,3.286143727,TESSy
Ireland,IE,2020-W48,1780,75599,4904240,1541.502863,2.354528499,TESSy
Ireland,IE,2020-W49,2005,76115,4904240,1552.024371,2.634171977,TESSy
Ireland,IE,2020-W50,1939,81751,4904240,1666.945337,2.37183643,TESSy
Ireland,IE,2020-W51,3357,91180,4904240,1859.207543,3.681728449,TESSy
Italy,IT,2020-W01,0,0,60359546,0,,Survey
Italy,IT,2020-W02,0,0,60359546,0,,Survey
Italy,IT,2020-W03,0,0,60359546,0,,Survey
Italy,IT,2020-W04,0,0,60359546,0,,Survey
Italy,IT,2020-W05,3,0,60359546,0,,Survey
Italy,IT,2020-W06,0,0,60359546,0,,Survey
Italy,IT,2020-W07,0,0,60359546,0,,Survey
Italy,IT,2020-W08,129,0,60359546,0,,Survey
Italy,IT,2020-W09,1557,20457,60359546,33.89190502,7.61108667,TESSy
Italy,IT,2020-W10,5686,29132,60359546,48.26411385,19.51805575,TESSy
Italy,IT,2020-W11,16605,74304,60359546,123.1023176,22.34738372,TESSy
Italy,IT,2020-W12,35158,131459,60359546,217.793222,26.74446025,TESSy
Italy,IT,2020-W13,38551,198678,60359546,329.1575454,19.40375885,TESSy
Italy,IT,2020-W14,31259,237431,60359546,393.3611429,13.16550914,TESSy
Italy,IT,2020-W15,27415,318732,60359546,528.0556617,8.601270033,TESSy
Italy,IT,2020-W16,22609,346348,60359546,573.8081595,6.527827503,TESSy
Italy,IT,2020-W17,18703,401118,60359546,664.547742,4.662717704,TESSy
Italy,IT,2020-W18,13042,396113,60359546,656.2557644,3.292494818,TESSy
Italy,IT,2020-W19,8353,412140,60359546,682.8083167,2.026738487,TESSy
Italy,IT,2020-W20,6365,439048,60359546,727.3878435,1.449727592,TESSy
Italy,IT,2020-W21,4423,442052,60359546,732.3646868,1.00056102,TESSy
Italy,IT,2020-W22,3161,92915,60359546,153.9358828,3.402034117,TESSy
Italy,IT,2020-W23,1979,357796,60359546,592.774505,0.553108475,Country GitHub
Italy,IT,2020-W24,1991,384183,60359546,636.4908709,0.518242608,Country GitHub
Italy,IT,2020-W25,1510,363652,60359546,602.4763672,0.415232145,Country GitHub
Italy,IT,2020-W26,1811,330249,60359546,547.1363221,0.548374106,Country GitHub
Italy,IT,2020-W27,1301,323669,60359546,536.234981,0.401953848,Country GitHub
Italy,IT,2020-W28,1450,300523,60359546,497.8881054,0.482492189,Country GitHub
Italy,IT,2020-W29,1373,299238,60359546,495.7591961,0.4588321,Country GitHub
Italy,IT,2020-W30,1684,322523,60359546,534.3363583,0.522133305,Country GitHub
Italy,IT,2020-W31,1952,356193,60359546,590.1187527,0.548017507,Country GitHub
Italy,IT,2020-W32,2496,333079,60359546,551.8248928,0.749371771,Country GitHub
Italy,IT,2020-W33,3349,307573,60359546,509.5681137,1.088847201,Country GitHub
Italy,IT,2020-W34,5430,450220,60359546,745.896929,1.206077029,Country GitHub
Italy,IT,2020-W35,8873,578704,60359546,958.7613532,1.533253615,Country GitHub
Italy,IT,2020-W36,9416,632916,60359546,1048.576475,1.487717169,Country GitHub
Italy,IT,2020-W37,10119,598861,60359546,992.1562366,1.689707628,Country GitHub
Italy,IT,2020-W38,10403,614696,60359546,1018.390695,1.692381275,TESSy
Italy,IT,2020-W39,11714,654250,60359546,1083.92134,1.790447077,TESSy
Italy,IT,2020-W40,15459,697041,60359546,1154.814849,2.217803544,TESSy
Italy,IT,2020-W41,29621,780608,60359546,1293.263538,3.794606256,TESSy
Italy,IT,2020-W42,59291,975869,60359546,1616.760007,6.075713031,TESSy
Italy,IT,2020-W43,111541,1113420,60359546,1844.646081,10.01787286,TESSy
Italy,IT,2020-W44,183553,1930043,60359546,3197.577066,9.510306247,TESSy
Italy,IT,2020-W45,225769,2057221,60359546,3408.277789,10.97446507,TESSy
Italy,IT,2020-W46,243425,1503673,60359546,2491.193357,16.18869262,TESSy
Italy,IT,2020-W47,230339,1510190,60359546,2501.990323,15.25231924,TESSy
Italy,IT,2020-W48,176310,1425999,60359546,2362.507829,12.36396379,TESSy
Italy,IT,2020-W49,143700,1317771,60359546,2183.202306,10.90477784,TESSy
Italy,IT,2020-W50,114834,1090062,60359546,1805.947977,10.53463014,TESSy
Italy,IT,2020-W51,109473,1146229,60359546,1899.002024,9.550709326,TESSy
Latvia,LV,2020-W01,0,0,1919968,0,,TESSy
Latvia,LV,2020-W02,0,0,1919968,0,,TESSy
Latvia,LV,2020-W03,0,0,1919968,0,,TESSy
Latvia,LV,2020-W04,0,0,1919968,0,,TESSy
Latvia,LV,2020-W05,0,0,1919968,0,,TESSy
Latvia,LV,2020-W06,0,0,1919968,0,,TESSy
Latvia,LV,2020-W07,0,4,1919968,0.208336806,0,TESSy
Latvia,LV,2020-W08,0,6,1919968,0.312505208,0,TESSy
Latvia,LV,2020-W09,0,116,1919968,6.041767363,0,TESSy
Latvia,LV,2020-W10,3,217,1919968,11.3022717,1.382488479,TESSy
Latvia,LV,2020-W11,28,1010,1919968,52.60504342,2.772277228,TESSy
Latvia,LV,2020-W12,108,5220,1919968,271.8795313,2.068965517,TESSy
Latvia,LV,2020-W13,237,7232,1919968,376.6729445,3.27710177,TESSy
Latvia,LV,2020-W14,157,6875,1919968,358.0788846,2.283636364,TESSy
Latvia,LV,2020-W15,118,7534,1919968,392.4023734,1.566233077,TESSy
Latvia,LV,2020-W16,76,7667,1919968,399.3295722,0.99126125,TESSy
Latvia,LV,2020-W17,85,11736,1919968,611.2601877,0.724267212,TESSy
Latvia,LV,2020-W18,67,16628,1919968,866.0561009,0.402934809,TESSy
Latvia,LV,2020-W19,60,12347,1919968,643.0836347,0.485948004,TESSy
Latvia,LV,2020-W20,69,11813,1919968,615.2706712,0.58410226,TESSy
Latvia,LV,2020-W21,39,10644,1919968,554.3842397,0.366403608,TESSy
Latvia,LV,2020-W22,19,10022,1919968,521.9878665,0.189582918,TESSy
Latvia,LV,2020-W23,22,8589,1919968,447.3512059,0.256141576,TESSy
Latvia,LV,2020-W24,9,9790,1919968,509.9043317,0.091930541,TESSy
Latvia,LV,2020-W25,14,10411,1919968,542.2486208,0.134473153,TESSy
Latvia,LV,2020-W26,5,10055,1919968,523.7066451,0.049726504,TESSy
Latvia,LV,2020-W27,8,9011,1919968,469.3307388,0.08878038,TESSy
Latvia,LV,2020-W28,49,11121,1919968,579.2284038,0.440607859,TESSy
Latvia,LV,2020-W29,19,11981,1919968,624.020817,0.158584425,TESSy
Latvia,LV,2020-W30,27,10142,1919968,528.2379706,0.266219681,TESSy
Latvia,LV,2020-W31,24,10240,1919968,533.3422224,0.234375,TESSy
Latvia,LV,2020-W32,47,12224,1919968,636.677278,0.384489529,TESSy
Latvia,LV,2020-W33,32,12102,1919968,630.3230054,0.264419104,TESSy
Latvia,LV,2020-W34,15,11841,1919968,616.7290288,0.12667849,TESSy
Latvia,LV,2020-W35,56,13232,1919968,689.178153,0.423216445,TESSy
Latvia,LV,2020-W36,35,13549,1919968,705.6888448,0.258321647,TESSy
Latvia,LV,2020-W37,46,14409,1919968,750.481258,0.319244916,TESSy
Latvia,LV,2020-W38,51,16575,1919968,863.2956383,0.307692308,TESSy
Latvia,LV,2020-W39,151,15590,1919968,811.9926999,0.968569596,TESSy
Latvia,LV,2020-W40,410,23997,1919968,1249.864581,1.708546902,TESSy
Latvia,LV,2020-W41,584,27014,1919968,1407.002617,2.161842008,TESSy
Latvia,LV,2020-W42,780,29128,1919968,1517.108618,2.677835759,TESSy
Latvia,LV,2020-W43,1228,33024,1919968,1720.028667,3.718507752,TESSy
Latvia,LV,2020-W44,1458,34146,1919968,1778.467141,4.269899842,TESSy
Latvia,LV,2020-W45,1959,39222,1919968,2042.846547,4.994645862,TESSy
Latvia,LV,2020-W46,2452,40817,1919968,2125.920849,6.00730088,TESSy
Latvia,LV,2020-W47,2573,37881,1919968,1973.001633,6.792323328,TESSy
Latvia,LV,2020-W48,3855,45757,1919968,2383.216804,8.424940446,TESSy
Latvia,LV,2020-W49,4338,50199,1919968,2614.574826,8.641606407,TESSy
Latvia,LV,2020-W50,4362,56133,1919968,2923.642477,7.770829993,TESSy
Latvia,LV,2020-W51,5265,57792,1919968,3010.050168,9.110257475,TESSy
Lithuania,LT,2020-W08,0,47,2794184,1.682065319,0,TESSy
Lithuania,LT,2020-W09,1,118,2794184,4.223057608,0.847457627,TESSy
Lithuania,LT,2020-W10,0,95,2794184,3.399919261,0,TESSy
Lithuania,LT,2020-W11,13,364,2794184,13.02705906,3.571428571,TESSy
Lithuania,LT,2020-W12,129,1737,2794184,62.16483954,7.426597582,TESSy
Lithuania,LT,2020-W13,341,7530,2794184,269.4883372,4.528552457,TESSy
Lithuania,LT,2020-W14,327,15710,2794184,562.2392799,2.081476766,TESSy
Lithuania,LT,2020-W15,251,15902,2794184,569.1106956,1.578417809,TESSy
Lithuania,LT,2020-W16,264,3174,2794184,113.5930919,8.31758034,TESSy
Lithuania,LT,2020-W17,112,40158,2794184,1437.199555,0.278898352,Country website
Lithuania,LT,2020-W18,0,35365,2794184,1265.664681,0,Country website
Lithuania,LT,2020-W19,69,41648,2794184,1490.524604,0.165674222,Country website
Lithuania,LT,2020-W20,62,43124,2794184,1543.348613,0.14377145,Country website
Lithuania,LT,2020-W21,82,37046,2794184,1325.825357,0.221346434,Country website
Lithuania,LT,2020-W22,52,34491,2794184,1234.385423,0.150763967,Country website
Lithuania,LT,2020-W23,39,30002,2794184,1073.730291,0.129991334,Country website
Lithuania,LT,2020-W24,54,28037,2794184,1003.405645,0.192602632,Country website
Lithuania,LT,2020-W25,30,28163,2794184,1007.915012,0.106522743,Country website
Lithuania,LT,2020-W26,18,23234,2794184,831.5128853,0.077472669,Country website
Lithuania,LT,2020-W27,20,23926,2794184,856.278613,0.083591072,Country website
Lithuania,LT,2020-W28,33,16933,2794184,606.0087668,0.194885726,Country website
Lithuania,LT,2020-W29,63,17435,2794184,623.9746559,0.361342128,Country website
Lithuania,LT,2020-W30,76,4700,2794184,168.2065319,1.617021277,Country website
Lithuania,LT,2020-W31,102,21815,2794184,780.7288282,0.467568187,Country website
Lithuania,LT,2020-W32,142,22423,2794184,802.4883114,0.63327833,Country website
Lithuania,LT,2020-W33,164,24651,2794184,882.2253653,0.665287412,Country website
Lithuania,LT,2020-W35,239,27826,2794184,995.8542458,0.858908934,Country website
Lithuania,LT,2020-W36,209,25983,2794184,929.8958122,0.804372089,Country website
Lithuania,LT,2020-W37,252,28052,2794184,1003.942475,0.89833167,Country website
Lithuania,LT,2020-W38,409,29695,2794184,1062.743184,1.377336252,Country website
Lithuania,LT,2020-W39,641,33704,2794184,1206.219777,1.901851412,Country website
Lithuania,LT,2020-W40,800,37752,2794184,1351.092126,2.119093028,Country website
Lithuania,LT,2020-W42,1399,48184,2794184,1724.439049,2.903453429,TESSy
Lithuania,LT,2020-W43,2663,54948,2794184,1966.5133,4.846400233,TESSy
Lithuania,LT,2020-W44,5535,63294,2794184,2265.205155,8.74490473,TESSy
Lithuania,LT,2020-W45,8980,69180,2794184,2475.856994,12.98063024,TESSy
Lithuania,LT,2020-W46,10059,76176,2794184,2726.234206,13.20494644,TESSy
Lithuania,LT,2020-W47,12289,78477,2794184,2808.58383,15.65936516,TESSy
Lithuania,LT,2020-W48,14278,80814,2794184,2892.221844,17.66773084,TESSy
Lithuania,LT,2020-W49,14711,77090,2794184,2758.945009,19.08289013,TESSy
Lithuania,LT,2020-W50,18985,146489,2794184,5242.639712,12.96001748,TESSy
Lithuania,LT,2020-W51,19466,29573,2794184,1058.376972,65.82355527,TESSy
Luxembourg,LU,2020-W09,1,17,613894,2.769207713,5.882352941,TESSy
Luxembourg,LU,2020-W10,4,24,613894,3.909469713,16.66666667,TESSy
Luxembourg,LU,2020-W11,72,534,613894,86.98570111,13.48314607,TESSy
Luxembourg,LU,2020-W12,721,4173,613894,679.7590464,17.27773784,TESSy
Luxembourg,LU,2020-W13,1152,9665,613894,1574.376032,11.91929643,TESSy
Luxembourg,LU,2020-W14,854,7121,613894,1159.972243,11.99269765,TESSy
Luxembourg,LU,2020-W15,477,5073,613894,826.3641606,9.402720284,TESSy
Luxembourg,LU,2020-W16,269,5008,613894,815.7760134,5.371405751,TESSy
Luxembourg,LU,2020-W17,173,5663,613894,922.4719577,3.054917888,TESSy
Luxembourg,LU,2020-W18,101,8662,613894,1410.992777,1.166012468,TESSy
Luxembourg,LU,2020-W19,62,7325,613894,1193.202735,0.846416382,TESSy
Luxembourg,LU,2020-W20,59,7381,613894,1202.324831,0.799349682,TESSy
Luxembourg,LU,2020-W21,47,6868,613894,1118.759916,0.684333139,TESSy
Luxembourg,LU,2020-W22,26,9892,613894,1611.3531,0.262838658,TESSy
Luxembourg,LU,2020-W23,21,10629,613894,1731.406399,0.197572679,TESSy
Luxembourg,LU,2020-W24,31,23352,613894,3803.914031,0.132750942,TESSy
Luxembourg,LU,2020-W25,50,34729,613894,5657.165569,0.143971897,TESSy
Luxembourg,LU,2020-W26,122,28763,613894,4685.336556,0.424156034,TESSy
Luxembourg,LU,2020-W27,280,56943,613894,9275.705578,0.49171979,TESSy
Luxembourg,LU,2020-W28,403,59370,613894,9671.050703,0.678794004,TESSy
Luxembourg,LU,2020-W29,558,79481,613894,12947.02343,0.702054579,TESSy
Luxembourg,LU,2020-W30,789,65595,613894,10685.06941,1.202835582,TESSy
Luxembourg,LU,2020-W31,423,54552,613894,8886.224658,0.775406951,TESSy
Luxembourg,LU,2020-W32,418,43117,613894,7023.525234,0.969455203,TESSy
Luxembourg,LU,2020-W33,326,32810,613894,5344.570887,0.993599512,TESSy
Luxembourg,LU,2020-W34,265,36864,613894,6004.945479,0.718858507,TESSy
Luxembourg,LU,2020-W35,0,37886,613894,6171.423731,0,TESSy
Luxembourg,LU,2020-W36,271,47868,613894,7797.437343,0.566140219,TESSy
Luxembourg,LU,2020-W37,298,50991,613894,8306.157089,0.584416858,TESSy
Luxembourg,LU,2020-W38,610,40638,613894,6619.709592,1.501058123,TESSy
Luxembourg,LU,2020-W39,553,36818,613894,5997.452329,1.501982726,TESSy
Luxembourg,LU,2020-W40,352,38634,613894,6293.268871,0.911114562,TESSy
Luxembourg,LU,2020-W41,651,39612,613894,6452.579761,1.643441381,TESSy
Luxembourg,LU,2020-W42,1286,47459,613894,7730.813463,2.709707326,TESSy
Luxembourg,LU,2020-W43,3558,60599,613894,9871.248131,5.871384016,TESSy
Luxembourg,LU,2020-W44,4578,76608,613894,12479.02732,5.975877193,TESSy
Luxembourg,LU,2020-W45,3699,67811,613894,11046.04378,5.454867204,TESSy
Luxembourg,LU,2020-W46,4063,67734,613894,11033.5009,5.998464582,TESSy
Luxembourg,LU,2020-W47,3789,69680,613894,11350.49373,5.43771527,TESSy
Luxembourg,LU,2020-W48,3640,79067,613894,12879.58507,4.603690541,TESSy
Luxembourg,LU,2020-W49,3711,80103,613894,13048.34385,4.632785289,TESSy
Luxembourg,LU,2020-W50,3588,79805,613894,12999.80127,4.4959589,TESSy
Luxembourg,LU,2020-W51,2795,89075,613894,14509.83395,3.13780522,TESSy
Malta,MT,2020-W06,0,1,493559,0.202610022,0,TESSy
Malta,MT,2020-W07,0,0,493559,0,,Country GitHub
Malta,MT,2020-W08,0,1,493559,0.202610022,0,TESSy
Malta,MT,2020-W09,0,154,493559,31.20194344,0,TESSy
Malta,MT,2020-W10,3,269,493559,54.502096,1.115241636,TESSy
Malta,MT,2020-W11,27,918,493559,185.9960005,2.941176471,TESSy
Malta,MT,2020-W12,77,1564,493559,316.8820749,4.923273657,TESSy
Malta,MT,2020-W13,49,3084,493559,624.8493088,1.588845655,TESSy
Malta,MT,2020-W14,85,4618,493559,935.653083,1.840623647,TESSy
Malta,MT,2020-W15,143,6583,493559,1333.781777,2.172261887,TESSy
Malta,MT,2020-W16,47,6924,493559,1402.871794,0.678798382,TESSy
Malta,MT,2020-W17,18,4505,493559,912.7581505,0.399556049,TESSy
Malta,MT,2020-W18,30,7474,493559,1514.307307,0.401391491,TESSy
Malta,MT,2020-W19,23,7596,493559,1539.025729,0.302790943,TESSy
Malta,MT,2020-W20,55,9100,493559,1843.751203,0.604395604,TESSy
Malta,MT,2020-W21,53,10103,493559,2046.969055,0.524596654,TESSy
Malta,MT,2020-W22,8,8299,493559,1681.460575,0.096397156,TESSy
Malta,MT,2020-W23,11,6131,493559,1242.202047,0.179416082,TESSy
Malta,MT,2020-W24,20,6941,493559,1406.316165,0.288142919,TESSy
Malta,MT,2020-W25,15,5877,493559,1190.739101,0.255232261,TESSy
Malta,MT,2020-W26,5,5870,493559,1189.320831,0.085178876,TESSy
Malta,MT,2020-W27,2,5790,493559,1173.112029,0.034542314,TESSy
Malta,MT,2020-W28,2,5228,493559,1059.245197,0.038255547,TESSy
Malta,MT,2020-W29,2,6198,493559,1255.776918,0.032268474,TESSy
Malta,MT,2020-W30,24,7174,493559,1453.5243,0.334541399,TESSy
Malta,MT,2020-W31,84,10605,493559,2148.679287,0.792079208,TESSy
Malta,MT,2020-W32,223,11781,493559,2386.948673,1.892878363,TESSy
Malta,MT,2020-W33,367,15548,493559,3150.180627,2.36043221,TESSy
Malta,MT,2020-W34,295,16537,493559,3350.561939,1.783878575,TESSy
Malta,MT,2020-W35,217,15123,493559,3064.071367,1.434900483,TESSy
Malta,MT,2020-W36,192,13184,493559,2671.210534,1.45631068,TESSy
Malta,MT,2020-W37,329,13249,493559,2684.380186,2.48320628,TESSy
Malta,MT,2020-W38,371,16205,493559,3283.295411,2.289416847,TESSy
Malta,MT,2020-W39,230,16425,493559,3327.869616,1.400304414,TESSy
Malta,MT,2020-W40,311,15974,493559,3236.492496,1.946913735,TESSy
Malta,MT,2020-W41,517,16465,493559,3335.974017,3.139993927,TESSy
Malta,MT,2020-W42,894,18231,493559,3693.783317,4.903735396,TESSy
Malta,MT,2020-W43,838,20389,493559,4131.015745,4.110059346,TESSy
Malta,MT,2020-W44,823,22566,493559,4572.097763,3.647079677,TESSy
Malta,MT,2020-W45,842,24577,493559,4979.546518,3.425967368,TESSy
Malta,MT,2020-W46,894,22095,493559,4476.668443,4.046164291,TESSy
Malta,MT,2020-W47,867,21070,493559,4268.99317,4.114855244,TESSy
Malta,MT,2020-W48,759,20700,493559,4194.027462,3.666666667,TESSy
Malta,MT,2020-W49,768,20580,493559,4169.714259,3.731778426,TESSy
Malta,MT,2020-W50,734,18821,493559,3813.32323,3.899899049,TESSy
Malta,MT,2020-W51,460,21111,493559,4277.300181,2.178958837,TESSy
Netherlands,NL,2020-W11,870,17080,17282163,98.83022166,5.093676815,TESSy
Netherlands,NL,2020-W12,3069,21338,17282163,123.4683413,14.38279126,TESSy
Netherlands,NL,2020-W13,6662,24745,17282163,143.1823088,26.92261063,TESSy
Netherlands,NL,2020-W14,6985,29098,17282163,168.3701282,24.00508626,TESSy
Netherlands,NL,2020-W15,7736,38960,17282163,225.4347445,19.85626283,TESSy
Netherlands,NL,2020-W16,7068,40102,17282163,232.0427136,17.62505611,TESSy
Netherlands,NL,2020-W17,5190,38395,17282163,222.1654778,13.51738508,TESSy
Netherlands,NL,2020-W18,2726,28954,17282163,167.5368992,9.414934033,TESSy
Netherlands,NL,2020-W19,2056,29006,17282163,167.8377874,7.088188651,TESSy
Netherlands,NL,2020-W20,1368,32687,17282163,189.1372046,4.18515006,TESSy
Netherlands,NL,2020-W21,1241,29339,17282163,169.7646296,4.229864685,TESSy
Netherlands,NL,2020-W22,1206,33871,17282163,195.9881989,3.560568038,TESSy
Netherlands,NL,2020-W23,1132,58956,17282163,341.1378541,1.920075989,TESSy
Netherlands,NL,2020-W24,1209,63778,17282163,369.0394541,1.895637994,TESSy
Netherlands,NL,2020-W25,810,65541,17282163,379.2407235,1.235867625,TESSy
Netherlands,NL,2020-W26,554,64140,17282163,371.1340994,0.863735578,TESSy
Netherlands,NL,2020-W27,474,69658,17282163,403.0629731,0.680467427,TESSy
Netherlands,NL,2020-W28,401,79309,17282163,458.9066774,0.505617269,TESSy
Netherlands,NL,2020-W29,703,89783,17282163,519.512517,0.782999009,TESSy
Netherlands,NL,2020-W30,1221,113744,17282163,658.1583567,1.073463216,TESSy
Netherlands,NL,2020-W31,2097,122021,17282163,706.0516673,1.718556642,TESSy
Netherlands,NL,2020-W32,3521,118058,17282163,683.1205099,2.982432364,TESSy
Netherlands,NL,2020-W33,4379,121366,17282163,702.2616324,3.608094524,TESSy
Netherlands,NL,2020-W34,3547,161406,17282163,933.9455947,2.197563907,TESSy
Netherlands,NL,2020-W35,3581,185167,17282163,1071.434172,1.933929912,TESSy
Netherlands,NL,2020-W36,4644,184761,17282163,1069.084929,2.513517463,TESSy
Netherlands,NL,2020-W37,7308,197923,17282163,1145.244377,3.692345003,TESSy
Netherlands,NL,2020-W38,11661,201676,17282163,1166.960409,5.782046451,TESSy
Netherlands,NL,2020-W39,17826,210332,17282163,1217.046732,8.475172584,TESSy
Netherlands,NL,2020-W40,24239,213269,17282163,1234.041132,11.36545865,TESSy
Netherlands,NL,2020-W41,38701,233173,17282163,1349.211901,16.59754774,TESSy
Netherlands,NL,2020-W42,53784,216506,17282163,1252.771427,24.84180577,TESSy
Netherlands,NL,2020-W43,62691,203565,17282163,1177.890754,30.79655147,TESSy
Netherlands,NL,2020-W44,68512,402205,17282163,2327.283917,17.03409953,TESSy
Netherlands,NL,2020-W45,50136,320248,17282163,1853.055083,15.65536709,TESSy
Netherlands,NL,2020-W46,37762,286482,17282163,1657.674447,13.1812819,TESSy
Netherlands,NL,2020-W47,36725,317694,17282163,1838.276841,11.55986578,TESSy
Netherlands,NL,2020-W48,34213,315809,17282163,1827.369641,10.8334468,TESSy
Netherlands,NL,2020-W49,38280,389363,17282163,2252.976089,9.831442638,TESSy
Netherlands,NL,2020-W50,56193,495105,17282163,2864.832371,11.3497137,TESSy
Netherlands,NL,2020-W51,76154,572981,17282163,3315.447262,13.2908421,TESSy
Norway,NO,2020-W09,19,320,5328212,6.005767038,5.9375,TESSy
Norway,NO,2020-W10,150,884,5328212,16.59093144,16.96832579,TESSy
Norway,NO,2020-W11,908,6745,5328212,126.5903083,13.46182357,TESSy
Norway,NO,2020-W12,1055,22698,5328212,425.9965632,4.647986607,TESSy
Norway,NO,2020-W13,1970,22195,5328212,416.5562481,8.875872944,TESSy
Norway,NO,2020-W14,1538,22037,5328212,413.5909007,6.979171394,TESSy
Norway,NO,2020-W15,775,15092,5328212,283.2469879,5.135170951,TESSy
Norway,NO,2020-W16,653,17699,5328212,332.1752213,3.689473982,TESSy
Norway,NO,2020-W17,437,19971,5328212,374.8161672,2.188172851,TESSy
Norway,NO,2020-W18,304,21803,5328212,409.1991835,1.394303536,TESSy
Norway,NO,2020-W19,290,23989,5328212,450.2260796,1.208887407,TESSy
Norway,NO,2020-W20,98,24778,5328212,465.0340489,0.395512148,TESSy
Norway,NO,2020-W21,112,20256,5328212,380.1650535,0.552922591,TESSy
Norway,NO,2020-W22,102,18382,5328212,344.9937803,0.554890654,TESSy
Norway,NO,2020-W23,93,16119,5328212,302.5217465,0.576958868,TESSy
Norway,NO,2020-W24,102,29152,5328212,547.1253771,0.349890231,TESSy
Norway,NO,2020-W25,102,27996,5328212,525.4295437,0.364337763,TESSy
Norway,NO,2020-W26,107,25988,5328212,487.7433556,0.41172849,TESSy
Norway,NO,2020-W27,80,30079,5328212,564.5233335,0.265966289,TESSy
Norway,NO,2020-W28,70,30849,5328212,578.9747105,0.226911731,TESSy
Norway,NO,2020-W29,50,29900,5328212,561.1638576,0.16722408,TESSy
Norway,NO,2020-W30,70,29189,5328212,547.819794,0.239816369,TESSy
Norway,NO,2020-W31,123,35350,5328212,663.4495775,0.347949081,TESSy
Norway,NO,2020-W32,260,52642,5328212,987.9862138,0.493902207,TESSy
Norway,NO,2020-W33,382,82649,5328212,1551.15825,0.46219555,TESSy
Norway,NO,2020-W34,347,100988,5328212,1895.345005,0.343605181,TESSy
Norway,NO,2020-W35,346,110666,5328212,2076.981922,0.312652486,TESSy
Norway,NO,2020-W36,577,112832,5328212,2117.633458,0.51137975,TESSy
Norway,NO,2020-W37,746,106965,5328212,2007.521472,0.697424391,TESSy
Norway,NO,2020-W38,779,104419,5328212,1959.738088,0.74603281,TESSy
Norway,NO,2020-W39,761,100005,5328212,1876.896039,0.760961952,TESSy
Norway,NO,2020-W40,743,93348,5328212,1751.957317,0.795946351,TESSy
Norway,NO,2020-W41,1072,94240,5328212,1768.698393,1.137521222,TESSy
Norway,NO,2020-W42,915,98144,5328212,1841.96875,0.932303554,TESSy
Norway,NO,2020-W43,1096,107591,5328212,2019.270254,1.018672566,TESSy
Norway,NO,2020-W44,2331,136829,5328212,2568.009681,1.703586228,TESSy
Norway,NO,2020-W45,3662,174093,5328212,3267.381253,2.103473431,TESSy
Norway,NO,2020-W46,4001,160798,5328212,3017.8604,2.488215028,TESSy
Norway,NO,2020-W47,4212,138476,5328212,2598.920614,3.041682313,TESSy
Norway,NO,2020-W48,3309,125295,5328212,2351.539316,2.640967317,TESSy
Norway,NO,2020-W49,2624,116203,5328212,2180.90046,2.25811726,TESSy
Norway,NO,2020-W50,3632,129442,5328212,2429.370303,2.805889897,TESSy
Norway,NO,2020-W51,1772,157231,5328212,2950.914866,1.127004217,TESSy
Poland,PL,2020-W10,11,603,37972812,1.587978262,1.824212272,TESSy
Poland,PL,2020-W11,114,5835,37972812,15.36625731,1.953727506,TESSy
Poland,PL,2020-W12,509,13328,37972812,35.09879648,3.819027611,TESSy
Poland,PL,2020-W13,1228,26137,37972812,68.83082559,4.698320389,TESSy
Poland,PL,2020-W14,2240,39315,37972812,103.5346026,5.697570902,TESSy
Poland,PL,2020-W15,2572,58636,37972812,154.4157436,4.386383792,TESSy
Poland,PL,2020-W16,2613,68619,37972812,180.7056059,3.807983212,TESSy
Poland,PL,2020-W17,2330,85170,37972812,224.292054,2.73570506,TESSy
Poland,PL,2020-W18,2076,84208,37972812,221.7586625,2.46532396,TESSy
Poland,PL,2020-W19,2303,106419,37972812,280.2505119,2.16408724,TESSy
Poland,PL,2020-W20,2533,137144,37972812,361.1636663,1.846963775,TESSy
Poland,PL,2020-W21,2797,145463,37972812,383.071446,1.922825736,TESSy
Poland,PL,2020-W22,2460,137303,37972812,361.5823869,1.791657866,TESSy
Poland,PL,2020-W23,2775,129522,37972812,341.0914103,2.142493167,TESSy
Poland,PL,2020-W24,2831,120030,37972812,316.0945784,2.358577022,TESSy
Poland,PL,2020-W25,2539,140738,37972812,370.6283327,1.804061448,TESSy
Poland,PL,2020-W26,1976,131241,37972812,345.6183335,1.505627053,TESSy
Poland,PL,2020-W27,2043,130905,37972812,344.7334898,1.560673771,TESSy
Poland,PL,2020-W28,1941,124140,37972812,326.9181118,1.563557274,TESSy
Poland,PL,2020-W29,2213,124200,37972812,327.0761196,1.781803543,TESSy
Poland,PL,2020-W30,2961,124664,37972812,328.2980465,2.375184496,TESSy
Poland,PL,2020-W31,3829,141420,37972812,372.4243546,2.707537831,TESSy
Poland,PL,2020-W32,4897,152995,37972812,402.9066902,3.200758195,TESSy
Poland,PL,2020-W33,4893,153238,37972812,403.5466217,3.193072214,TESSy
Poland,PL,2020-W34,5078,168947,37972812,444.9156939,3.005676336,TESSy
Poland,PL,2020-W35,5108,167507,37972812,441.123507,3.0494248,TESSy
Poland,PL,2020-W36,3954,147696,37972812,388.9519691,2.677120572,TESSy
Poland,PL,2020-W37,3328,128316,37972812,337.9154538,2.593597057,TESSy
Poland,PL,2020-W38,5088,133935,37972812,352.7128831,3.798857655,TESSy
Poland,PL,2020-W39,8090,146981,37972812,387.069043,5.504112776,TESSy
Poland,PL,2020-W40,10810,182437,37972812,480.4411114,5.925333129,TESSy
Poland,PL,2020-W41,27676,234359,37972812,617.1757836,11.80923284,TESSy
Poland,PL,2020-W42,49950,306145,37972812,806.2215672,16.31579807,TESSy
Poland,PL,2020-W43,77922,366095,37972812,964.0976813,21.28463923,TESSy
Poland,PL,2020-W44,126214,460691,37972812,1213.212759,27.39667152,TESSy
Poland,PL,2020-W45,166523,447550,37972812,1178.60642,37.20768629,TESSy
Poland,PL,2020-W46,166547,385141,37972812,1014.25462,43.24312395,TESSy
Poland,PL,2020-W47,148359,383140,37972812,1008.98506,38.72187712,TESSy
Poland,PL,2020-W48,123744,344010,37972812,905.9376482,35.97104735,TESSy
Poland,PL,2020-W49,78374,343256,37972812,903.952017,22.8325215,TESSy
Poland,PL,2020-W50,72227,327081,37972812,861.3557511,22.08229766,TESSy
Poland,PL,2020-W51,67024,309264,37972812,814.4353386,21.67209892,TESSy
Portugal,PT,2020-W09,0,25,10276617,0.243270718,0,Country website
Portugal,PT,2020-W10,30,470,10276617,4.573489505,6.382978723,TESSy
Portugal,PT,2020-W11,215,5754,10276617,55.99118854,3.736531109,TESSy
Portugal,PT,2020-W12,1355,16769,10276617,163.1762671,8.080386427,TESSy
Portugal,PT,2020-W13,4362,40996,10276617,398.9250548,10.64006245,TESSy
Portugal,PT,2020-W14,5316,58991,10276617,574.0313179,9.011544134,TESSy
Portugal,PT,2020-W15,5307,67852,10276617,660.2561913,7.821434888,TESSy
Portugal,PT,2020-W16,3621,84833,10276617,825.4953941,4.268386123,TESSy
Portugal,PT,2020-W17,3640,92755,10276617,902.5830193,3.924316748,TESSy
Portugal,PT,2020-W18,1678,90377,10276617,879.4431086,1.856667072,TESSy
Portugal,PT,2020-W19,2057,95896,10276617,933.1475524,2.145032118,TESSy
Portugal,PT,2020-W20,1455,111001,10276617,1080.13172,1.310799002,TESSy
Portugal,PT,2020-W21,1587,90405,10276617,879.7155718,1.755433881,TESSy
Portugal,PT,2020-W22,1877,96045,10276617,934.5974458,1.954292259,TESSy
Portugal,PT,2020-W23,1993,94421,10276617,918.79458,2.110759259,TESSy
Portugal,PT,2020-W24,2197,60443,10276617,588.1604812,3.634829509,TESSy
Portugal,PT,2020-W25,2443,84509,10276617,822.3426055,2.890816363,TESSy
Portugal,PT,2020-W26,2513,87312,10276617,849.6181185,2.878183984,TESSy
Portugal,PT,2020-W27,2251,94486,10276617,919.4270838,2.382363525,TESSy
Portugal,PT,2020-W28,2615,95187,10276617,926.2483948,2.747223886,TESSy
Portugal,PT,2020-W29,2124,98530,10276617,958.7785552,2.155688623,TESSy
Portugal,PT,2020-W30,1528,94892,10276617,923.3778003,1.610251655,TESSy
Portugal,PT,2020-W31,1299,95421,10276617,928.5254087,1.361335555,TESSy
Portugal,PT,2020-W32,1205,96304,10276617,937.1177305,1.251246054,TESSy
Portugal,PT,2020-W33,1434,94767,10276617,922.1614467,1.513184969,TESSy
Portugal,PT,2020-W34,1495,97015,10276617,944.0363497,1.540998815,TESSy
Portugal,PT,2020-W35,2171,98640,10276617,959.8489464,2.200932685,TESSy
Portugal,PT,2020-W36,2490,109078,10276617,1061.419337,2.282770128,TESSy
Portugal,PT,2020-W37,3725,127316,10276617,1238.890191,2.925790945,TESSy
Portugal,PT,2020-W38,4594,135769,10276617,1321.144886,3.383688471,TESSy
Portugal,PT,2020-W39,5027,137917,10276617,1342.046707,3.644945873,TESSy
Portugal,PT,2020-W40,4643,148033,10276617,1440.48377,3.136462816,TESSy
Portugal,PT,2020-W41,8417,151107,10276617,1470.396338,5.570225072,TESSy
Portugal,PT,2020-W42,13247,182063,10276617,1771.623872,7.276052795,TESSy
Portugal,PT,2020-W43,18775,175659,10276617,1709.307645,10.68832226,TESSy
Portugal,PT,2020-W44,25655,468287,10276617,4556.820596,5.478477942,TESSy
Portugal,PT,2020-W45,34983,511860,10276617,4980.821996,6.834485992,TESSy
Portugal,PT,2020-W46,37977,553501,10276617,5386.023436,6.861234216,TESSy
Portugal,PT,2020-W47,43457,588404,10276617,5725.658551,7.385571818,TESSy
Portugal,PT,2020-W48,34041,545862,10276617,5311.689635,6.236191565,TESSy
Portugal,PT,2020-W49,27675,443333,10276617,4313.997495,6.242485897,TESSy
Portugal,PT,2020-W50,26270,243033,10276617,2364.9125,10.80923167,TESSy
Portugal,PT,2020-W51,25377,264474,10276617,2573.551199,9.595272125,TESSy
Romania,RO,2020-W12,294,2,19414458,0.010301601,,TESSy
Romania,RO,2020-W13,1327,12,19414458,0.061809606,,TESSy
Romania,RO,2020-W15,2436,24580,19414458,126.6066763,9.910496338,TESSy
Romania,RO,2020-W16,2446,31585,19414458,162.6880338,7.744182365,TESSy
Romania,RO,2020-W17,2290,44103,19414458,227.1657545,5.19239054,TESSy
Romania,RO,2020-W18,2127,50485,19414458,260.0381633,4.213132614,TESSy
Romania,RO,2020-W19,2199,57870,19414458,298.076825,3.799896319,TESSy
Romania,RO,2020-W20,1509,52591,19414458,270.8857492,2.86931224,TESSy
Romania,RO,2020-W21,1199,58447,19414458,301.0488369,2.051431211,TESSy
Romania,RO,2020-W22,1187,64056,19414458,329.9396769,1.853066067,TESSy
Romania,RO,2020-W23,1222,62955,19414458,324.2686456,1.941069018,TESSy
Romania,RO,2020-W24,1520,57196,19414458,294.6051855,2.657528498,TESSy
Romania,RO,2020-W25,2046,64087,19414458,330.0993517,3.192535148,TESSy
Romania,RO,2020-W26,2268,68223,19414458,351.4030626,3.324392067,TESSy
Romania,RO,2020-W27,2660,71736,19414458,369.4978248,3.708040593,TESSy
Romania,RO,2020-W28,3562,80717,19414458,415.7571641,4.412948945,TESSy
Romania,RO,2020-W29,4923,101032,19414458,520.3956763,4.872713596,TESSy
Romania,RO,2020-W30,7340,112641,19414458,580.1913193,6.516277377,TESSy
Romania,RO,2020-W31,8388,134167,19414458,691.0674509,6.251909933,TESSy
Romania,RO,2020-W32,8582,135624,19414458,698.5721672,6.327788592,TESSy
Romania,RO,2020-W33,8693,130189,19414458,670.5775665,6.677215433,TESSy
Romania,RO,2020-W34,8064,138267,19414458,712.1857329,5.832194233,TESSy
Romania,RO,2020-W35,8260,123488,19414458,636.0620523,6.688909044,TESSy
Romania,RO,2020-W36,8229,142207,19414458,732.4798869,5.786634976,TESSy
Romania,RO,2020-W37,8481,142899,19414458,736.0442408,5.934961056,TESSy
Romania,RO,2020-W38,9286,140116,19414458,721.709563,6.627365897,TESSy
Romania,RO,2020-W39,9892,140514,19414458,723.7595816,7.039867914,TESSy
Romania,RO,2020-W40,11392,143938,19414458,741.3959226,7.914518751,TESSy
Romania,RO,2020-W41,21218,162293,19414458,835.9388658,13.07388489,TESSy
Romania,RO,2020-W42,25105,179332,19414458,923.7033555,13.99917472,TESSy
Romania,RO,2020-W43,29260,197408,19414458,1016.809225,14.82209434,TESSy
Romania,RO,2020-W44,37015,204508,19414458,1053.379909,18.09953645,TESSy
Romania,RO,2020-W45,57088,210704,19414458,1085.294269,27.09393272,TESSy
Romania,RO,2020-W46,56530,212796,19414458,1096.069743,26.56534897,TESSy
Romania,RO,2020-W47,58364,207681,19414458,1069.723399,28.10271522,TESSy
Romania,RO,2020-W48,52891,193015,19414458,994.1817588,27.40253348,TESSy
Romania,RO,2020-W49,42040,153703,19414458,791.6934895,27.35145052,TESSy
Romania,RO,2020-W50,42759,170289,19414458,877.1246666,25.10966651,TESSy
Romania,RO,2020-W51,34959,110120,19414458,567.2061512,31.74627679,TESSy
Slovakia,SK,2020-W05,0,13,5450421,0.238513685,0,TESSy
Slovakia,SK,2020-W06,0,18,5450421,0.330249718,0,TESSy
Slovakia,SK,2020-W07,0,10,5450421,0.183472066,0,TESSy
Slovakia,SK,2020-W08,0,7,5450421,0.128430446,0,TESSy
Slovakia,SK,2020-W09,0,123,5450421,2.256706409,0,TESSy
Slovakia,SK,2020-W10,5,292,5450421,5.357384319,1.712328767,TESSy
Slovakia,SK,2020-W11,56,967,5450421,17.74174876,5.791106515,TESSy
Slovakia,SK,2020-W12,124,1898,5450421,34.82299808,6.533192835,TESSy
Slovakia,SK,2020-W13,151,3551,5450421,65.15093054,4.252323289,TESSy
Slovakia,SK,2020-W14,149,7752,5450421,142.2275454,1.922084623,TESSy
Slovakia,SK,2020-W15,257,10575,5450421,194.0217095,2.430260047,TESSy
Slovakia,SK,2020-W16,419,10190,5450421,186.958035,4.111874387,TESSy
Slovakia,SK,2020-W17,218,27365,5450421,502.0713079,0.796638041,Country website
Slovakia,SK,2020-W18,29,23705,5450421,434.9205318,0.12233706,Country website
Slovakia,SK,2020-W19,49,22841,5450421,419.0685453,0.214526509,Country website
Slovakia,SK,2020-W20,37,22788,5450421,418.0961434,0.162366158,Country website
Slovakia,SK,2020-W21,15,15626,5450421,286.6934499,0.095993856,Country website
Slovakia,SK,2020-W22,13,13816,5450421,253.485006,0.094093804,Country website
Slovakia,SK,2020-W23,6,16700,5450421,306.3983498,0.035928144,Country website
Slovakia,SK,2020-W24,20,7195,5450421,132.0081513,0.277970813,Country website
Slovakia,SK,2020-W25,39,5223,5450421,95.82745993,0.7466973,Country website
Slovakia,SK,2020-W26,77,6973,5450421,127.9350714,1.104259286,Country website
Slovakia,SK,2020-W27,100,9430,5450421,173.014158,1.060445387,Country website
Slovakia,SK,2020-W28,137,11672,5450421,214.1485951,1.173749143,Country website
Slovakia,SK,2020-W29,78,10161,5450421,186.425966,0.76764098,Country website
Slovakia,SK,2020-W30,200,13462,5450421,246.9900949,1.485663349,Country website
Slovakia,SK,2020-W31,165,12106,5450421,222.1112828,1.362960515,Country website
Slovakia,SK,2020-W32,252,13729,5450421,251.888799,1.835530629,Country website
Slovakia,SK,2020-W33,306,15793,5450421,289.7574334,1.937567277,Country website
Slovakia,SK,2020-W34,454,18432,5450421,338.1757116,2.463107639,Country website
Slovakia,SK,2020-W35,520,21181,5450421,388.6121824,2.455030452,Country website
Slovakia,SK,2020-W36,738,22813,5450421,418.5548236,3.234997589,Country website
Slovakia,SK,2020-W37,918,28183,5450421,517.0793229,3.257282759,Country website
Slovakia,SK,2020-W38,1145,28272,5450421,518.7122242,4.049943407,Country website
Slovakia,SK,2020-W39,2401,33740,5450421,619.0347498,7.116182573,Country website
Slovakia,SK,2020-W40,4061,48344,5450421,886.9773546,8.400215125,Country website
Slovakia,SK,2020-W41,6712,56163,5450421,1030.434163,11.95092855,Country website
Slovakia,SK,2020-W42,9984,69917,5450421,1282.781642,14.27978889,TESSy
Slovakia,SK,2020-W43,14008,77201,5450421,1416.422695,18.14484268,TESSy
Slovakia,SK,2020-W44,16103,116439,5450421,2136.330386,13.82955882,TESSy
Slovakia,SK,2020-W45,15549,86749,5450421,1591.601823,17.92412593,TESSy
Slovakia,SK,2020-W46,11272,58162,5450421,1067.110229,19.38035143,TESSy
Slovakia,SK,2020-W47,9474,49376,5450421,905.9116718,19.18745949,TESSy
Slovakia,SK,2020-W48,9492,56526,5450421,1037.094199,16.79227258,TESSy
Slovakia,SK,2020-W49,10998,63907,5450421,1172.51493,17.20938238,TESSy
Slovakia,SK,2020-W50,16253,80378,5450421,1474.71177,20.22070716,TESSy
Slovakia,SK,2020-W51,18352,92594,5450421,1698.841245,19.81985874,TESSy
Slovenia,SI,2020-W05,0,2,2080908,0.09611189,0,TESSy
Slovenia,SI,2020-W06,0,6,2080908,0.288335669,0,TESSy
Slovenia,SI,2020-W07,0,4,2080908,0.192223779,0,TESSy
Slovenia,SI,2020-W08,0,8,2080908,0.384447558,0,TESSy
Slovenia,SI,2020-W09,0,191,2080908,9.178685458,0,TESSy
Slovenia,SI,2020-W10,16,949,2080908,45.60509162,1.685985248,TESSy
Slovenia,SI,2020-W11,203,5406,2080908,259.7904376,3.75508694,TESSy
Slovenia,SI,2020-W12,195,7047,2080908,338.6502431,2.767134951,TESSy
Slovenia,SI,2020-W13,316,7736,2080908,371.760789,4.084798345,TESSy
Slovenia,SI,2020-W14,267,6904,2080908,331.778243,3.867323291,TESSy
Slovenia,SI,2020-W15,208,7152,2080908,343.6961173,2.908277405,TESSy
Slovenia,SI,2020-W16,125,6397,2080908,307.4138789,1.954040957,TESSy
Slovenia,SI,2020-W17,77,8842,2080908,424.910664,0.870843701,TESSy
Slovenia,SI,2020-W18,32,6860,2080908,329.6637814,0.466472303,TESSy
Slovenia,SI,2020-W19,21,7229,2080908,347.396425,0.290496611,TESSy
Slovenia,SI,2020-W20,6,6477,2080908,311.2583545,0.092635479,TESSy
Slovenia,SI,2020-W21,3,5174,2080908,248.6414584,0.057982219,TESSy
Slovenia,SI,2020-W22,4,4023,2080908,193.329066,0.099428287,TESSy
Slovenia,SI,2020-W23,12,4277,2080908,205.5352759,0.280570493,TESSy
Slovenia,SI,2020-W24,10,4282,2080908,205.7755557,0.233535731,TESSy
Slovenia,SI,2020-W25,25,5583,2080908,268.2963399,0.447787928,TESSy
Slovenia,SI,2020-W26,61,6064,2080908,291.4112493,1.005936675,TESSy
Slovenia,SI,2020-W27,119,7658,2080908,368.0124253,1.55393053,TESSy
Slovenia,SI,2020-W28,141,7752,2080908,372.5296842,1.818885449,TESSy
Slovenia,SI,2020-W29,105,6252,2080908,300.4457669,1.679462572,TESSy
Slovenia,SI,2020-W30,136,5665,2080908,272.2369273,2.40070609,TESSy
Slovenia,SI,2020-W31,98,5127,2080908,246.382829,1.911449191,TESSy
Slovenia,SI,2020-W32,69,4843,2080908,232.7349407,1.424736733,TESSy
Slovenia,SI,2020-W33,167,5778,2080908,277.6672491,2.890273451,TESSy
Slovenia,SI,2020-W34,235,7005,2080908,336.6318934,3.35474661,TESSy
Slovenia,SI,2020-W35,214,8131,2080908,390.7428872,2.631902595,TESSy
Slovenia,SI,2020-W36,309,10035,2080908,482.2414062,3.07922272,TESSy
Slovenia,SI,2020-W37,528,15482,2080908,744.0021375,3.410412091,TESSy
Slovenia,SI,2020-W38,718,18339,2080908,881.2979718,3.915153498,TESSy
Slovenia,SI,2020-W39,930,17045,2080908,819.1135793,5.456145497,TESSy
Slovenia,SI,2020-W40,1148,17820,2080908,856.3569365,6.442199776,TESSy
Slovenia,SI,2020-W41,2167,22566,2080908,1084.430451,9.60294248,TESSy
Slovenia,SI,2020-W42,4479,30700,2080908,1475.317506,14.58957655,TESSy
Slovenia,SI,2020-W43,9806,39660,2080908,1905.898771,24.72516389,TESSy
Slovenia,SI,2020-W44,12699,40558,2080908,1949.05301,31.31071552,TESSy
Slovenia,SI,2020-W45,9512,35105,2080908,1687.003943,27.09585529,TESSy
Slovenia,SI,2020-W46,9881,36513,2080908,1754.666713,27.0615945,TESSy
Slovenia,SI,2020-W47,10266,36374,2080908,1747.986936,28.22345631,TESSy
Slovenia,SI,2020-W48,10073,40099,2080908,1926.995331,25.12032719,TESSy
Slovenia,SI,2020-W49,10424,38517,2080908,1850.970826,27.06337461,TESSy
Slovenia,SI,2020-W50,10509,36478,2080908,1752.984755,28.80914524,TESSy
Slovenia,SI,2020-W51,9585,34117,2080908,1639.524669,28.09449834,TESSy
Spain,ES,2020-W18,7635,315608,46937060,672.4068359,2.419140199,Other
Spain,ES,2020-W19,8565,274081,46937060,583.9330371,3.124988598,Other
Spain,ES,2020-W20,3836,294200,46937060,626.7968211,1.303874915,Other
Spain,ES,2020-W21,3794,302086,46937060,643.5980438,1.255933741,Other
Spain,ES,2020-W22,4238,314737,46937060,670.5511594,1.346521064,Other
Spain,ES,2020-W23,2079,286646,46937060,610.7029286,0.725284846,Other
Spain,ES,2020-W24,2392,238858,46937060,508.8899901,1.001431813,Other
Spain,ES,2020-W25,2395,228650,46937060,487.141717,1.047452438,Other
Spain,ES,2020-W26,2466,179742,46937060,382.9426044,1.371966485,Other
Spain,ES,2020-W27,2819,174328,46937060,371.4080089,1.617066679,Other
Spain,ES,2020-W28,4164,205243,46937060,437.2728075,2.028814625,Other
Spain,ES,2020-W29,8883,223963,46937060,477.1560042,3.966280144,Other
Spain,ES,2020-W30,13946,273358,46937060,582.3926765,5.101734722,Other
Spain,ES,2020-W31,18272,305471,46937060,650.8098292,5.98158254,Other
Spain,ES,2020-W32,25926,331442,46937060,706.1413731,7.822183067,Other
Spain,ES,2020-W33,36102,383376,46937060,816.787417,9.416864905,Other
Spain,ES,2020-W34,46354,482628,46937060,1028.245058,9.604498703,Other
Spain,ES,2020-W35,57422,566594,46937060,1207.135683,10.13459373,Other
Spain,ES,2020-W36,62691,626262,46937060,1334.259112,10.01034711,Other
Spain,ES,2020-W37,68181,856605,46937060,1825.007787,7.959444551,Other
Spain,ES,2020-W38,77738,683322,46937060,1455.826164,11.37648137,Other
Spain,ES,2020-W39,76798,756205,46937060,1611.104317,10.15571174,Other
Spain,ES,2020-W40,65146,782325,46937060,1666.753308,8.327229732,Other
Spain,ES,2020-W41,75556,796417,46937060,1696.776492,9.486989856,TESSy
Spain,ES,2020-W42,85481,829266,46937060,1766.761702,10.30803144,TESSy
Spain,ES,2020-W43,123871,1073926,46937060,2288.012926,11.5344074,TESSy
Spain,ES,2020-W44,142377,1220897,46937060,2601.136501,11.66167171,TESSy
Spain,ES,2020-W45,140521,1147694,46937060,2445.176583,12.24376881,TESSy
Spain,ES,2020-W46,115646,1132881,46937060,2413.617299,10.20813307,TESSy
Spain,ES,2020-W47,85752,990637,46937060,2110.564658,8.656248454,TESSy
Spain,ES,2020-W48,65571,908166,46937060,1934.85915,7.220155786,TESSy
Spain,ES,2020-W49,54141,875084,46937060,1864.37753,6.18694891,TESSy
Spain,ES,2020-W50,49556,783390,46937060,1669.022303,6.325840258,TESSy
Spain,ES,2020-W51,10328,937647,46937060,1997.668793,1.101480621,TESSy
Sweden,SE,2020-W04,0,11,10230185,0.107524937,0,Survey
Sweden,SE,2020-W05,0,26,10230185,0.254149852,0,Survey
Sweden,SE,2020-W06,1,78,10230185,0.762449555,1.282051282,Survey
Sweden,SE,2020-W07,0,38,10230185,0.371449783,0,Survey
Sweden,SE,2020-W08,0,27,10230185,0.263924846,0,Survey
Sweden,SE,2020-W09,13,752,10230185,7.350795709,1.728723404,Survey
Sweden,SE,2020-W10,211,4302,10230185,42.05202545,4.90469549,Survey
Sweden,SE,2020-W11,838,8990,10230185,87.8771987,9.321468298,Survey
Sweden,SE,2020-W12,924,10322,10230185,100.8974911,8.951753536,Survey
Sweden,SE,2020-W13,1957,12349,10230185,120.7114045,15.84743704,Survey
Sweden,SE,2020-W14,3229,17776,10230185,173.7602986,18.16494149,Survey
Sweden,SE,2020-W15,3740,19880,10230185,194.3268866,18.81287726,Survey
Sweden,SE,2020-W16,3751,18574,10230185,181.560744,20.19489609,Survey
Sweden,SE,2020-W17,4201,24560,10230185,240.0738599,17.10504886,Country website
Sweden,SE,2020-W18,3832,28802,10230185,281.5393857,13.30463162,Country website
Sweden,SE,2020-W19,4152,29129,10230185,284.7358088,14.25383638,Country website
Sweden,SE,2020-W20,3869,33003,10230185,322.6041367,11.72317668,Country website
Sweden,SE,2020-W21,3660,28986,10230185,283.3379846,12.62678534,Country website
Sweden,SE,2020-W22,4281,36466,10230185,356.4549419,11.73970274,Country website
Sweden,SE,2020-W23,6021,47080,10230185,460.2067314,12.78887001,Country website
Sweden,SE,2020-W24,7123,60296,10230185,589.3930559,11.81338729,Country website
Sweden,SE,2020-W25,7073,61842,10230185,604.5051971,11.43721096,Country website
Sweden,SE,2020-W26,7460,75151,10230185,734.6005962,9.926680949,Country website
Sweden,SE,2020-W27,4275,82524,10230185,806.6716291,5.180311182,TESSy
Sweden,SE,2020-W28,2179,83084,10230185,812.1456259,2.62264696,TESSy
Sweden,SE,2020-W29,1622,69529,10230185,679.6455783,2.332839535,TESSy
Sweden,SE,2020-W30,1316,59205,10230185,578.7285372,2.222785238,TESSy
Sweden,SE,2020-W31,1556,53032,10230185,518.3874974,2.934077538,TESSy
Sweden,SE,2020-W32,2014,53772,10230185,525.6209932,3.745443725,TESSy
Sweden,SE,2020-W33,2052,56762,10230185,554.8482261,3.615094606,TESSy
Sweden,SE,2020-W34,1687,65266,10230185,637.9747776,2.584806791,TESSy
Sweden,SE,2020-W35,1200,85419,10230185,834.9702376,1.404839673,TESSy
Sweden,SE,2020-W36,1332,126188,10230185,1233.48698,1.055567883,TESSy
Sweden,SE,2020-W37,1592,142673,10230185,1394.627761,1.115838316,TESSy
Sweden,SE,2020-W38,2080,139471,10230185,1363.328229,1.491349456,TESSy
Sweden,SE,2020-W39,2919,127952,10230185,1250.73007,2.281324247,TESSy
Sweden,SE,2020-W40,3642,127916,10230185,1250.37817,2.847180963,TESSy
Sweden,SE,2020-W41,4278,137108,10230185,1340.229918,3.120168043,TESSy
Sweden,SE,2020-W42,5620,148267,10230185,1449.309079,3.790459104,TESSy
Sweden,SE,2020-W43,9157,164742,10230185,1610.35211,5.558388268,TESSy
Sweden,SE,2020-W44,18476,189301,10230185,1850.416195,9.760117485,TESSy
Sweden,SE,2020-W45,25406,228031,10230185,2229.001724,11.14146761,TESSy
Sweden,SE,2020-W46,31324,254295,10230185,2485.732174,12.31797715,TESSy
Sweden,SE,2020-W47,31960,260710,10230185,2548.438762,12.25883165,TESSy
Sweden,SE,2020-W48,35565,260710,10230185,2548.438762,13.64159411,TESSy
Sweden,SE,2020-W49,36846,261230,10230185,2553.521759,14.10481185,TESSy
Sweden,SE,2020-W50,43648,270944,10230185,2648.476054,16.10960198,TESSy
Sweden,SE,2020-W51,46212,270944,10230185,2648.476054,17.055923,TESSy
United Kingdom,UK,2020-W14,30357,81413,66647112,122.1553306,37.28765676,Country website
United Kingdom,UK,2020-W15,32205,114354,66647112,171.5813282,28.16254788,Country website
United Kingdom,UK,2020-W16,32027,133300,66647112,200.0086665,24.02625656,Country website
United Kingdom,UK,2020-W17,32830,182304,66647112,273.5362336,18.0083816,Country website
United Kingdom,UK,2020-W18,31282,437069,66647112,655.795858,7.157222315,Country website
United Kingdom,UK,2020-W19,22867,526221,66647112,789.5630946,4.345512627,Country website
United Kingdom,UK,2020-W20,19857,583285,66647112,875.184209,3.404339217,Country website
United Kingdom,UK,2020-W21,16360,600484,66647112,900.9902785,2.724468928,Country website
United Kingdom,UK,2020-W22,10907,628588,66647112,943.1586473,1.7351588,Country website
United Kingdom,UK,2020-W23,8524,654446,66647112,981.9570276,1.302475682,Country website
United Kingdom,UK,2020-W24,7136,641537,66647112,962.5878463,1.112328673,Country website
United Kingdom,UK,2020-W25,6680,590736,66647112,886.3639883,1.130792774,Country website
United Kingdom,UK,2020-W26,5240,691816,66647112,1038.028475,0.75742683,Country website
United Kingdom,UK,2020-W27,4026,822073,66647112,1233.471302,0.489737529,Country website
United Kingdom,UK,2020-W28,4271,819840,66647112,1230.120819,0.520955308,Country website
United Kingdom,UK,2020-W29,4310,916333,66647112,1374.902786,0.470353027,Country website
United Kingdom,UK,2020-W30,4549,906982,66647112,1360.872171,0.501553504,Country website
United Kingdom,UK,2020-W31,4444,1103603,66647112,1655.890206,0.402681037,Country website
United Kingdom,UK,2020-W32,6130,1162653,66647112,1744.491194,0.527242436,Country website
United Kingdom,UK,2020-W33,7659,1182342,66647112,1774.033359,0.647782114,Country website
United Kingdom,UK,2020-W34,7158,1202191,66647112,1803.815595,0.595412875,Country website
United Kingdom,UK,2020-W35,8825,1282166,66647112,1923.813293,0.688288412,Country website
United Kingdom,UK,2020-W36,12685,1330835,66647112,1996.838213,0.953160985,Country website
United Kingdom,UK,2020-W37,21352,1549119,66647112,2324.360281,1.378331813,Country website
United Kingdom,UK,2020-W38,25753,1829949,66647112,2745.728877,1.40730698,Country website
United Kingdom,UK,2020-W39,40712,1802729,66647112,2704.886897,2.258353862,Country website
United Kingdom,UK,2020-W40,68009,1790191,66647112,2686.074379,3.798980109,Country website
United Kingdom,UK,2020-W41,100738,1912993,66647112,2870.331426,5.26598895,Country website
United Kingdom,UK,2020-W42,118693,2015220,66647112,3023.716917,5.889828406,Country website
United Kingdom,UK,2020-W43,151391,2179305,66647112,3269.916632,6.946755961,Country website
United Kingdom,UK,2020-W44,161114,2202000,66647112,3303.96912,7.31671208,Country website
United Kingdom,UK,2020-W45,157099,2122963,66647112,3185.378835,7.399987659,Country website
United Kingdom,UK,2020-W46,177305,2323269,66647112,3485.925992,7.631703432,Country website
United Kingdom,UK,2020-W47,142727,2320484,66647112,3481.747266,6.15074269,Country website
United Kingdom,UK,2020-W48,105282,2131286,66647112,3197.866998,4.939834447,Country website
United Kingdom,UK,2020-W49,105915,2280386,66647112,3421.582619,4.644608413,Country website
United Kingdom,UK,2020-W50,126161,2346259,66647112,3520.42111,5.377113098,Country website
United Kingdom,UK,2020-W51,190744,2586241,66647112,3880.499728,7.375337411,Country website
